request_id,run_id,task_id,session_id,sequence_id,session_type,session_id_source,turn_number,turn_number_source,model,stream,path,prefix_hash,full_hash,sequence_root,num_messages,prompt_chars,ts_request_in,ts_first_byte,ts_last_byte,status_code,prompt_tokens,completion_tokens,cached_tokens,usage_source,stream_chunks,error,e2e_s,ttft_s,itl_s,streamed,gap_s,context_growth_tokens,is_resumption,prefix_seen_before,exact_resend,branch_factor,is_condensation,context_shrink_tokens,fanout,sequence_role,shared_prefix_msgs,shared_prefix_chars,shared_prefix_frac,ts,kv_cache_utilization,queue_depth,running_requests,eviction_events,eviction_events_window,prompt_tokens_total,prompt_tokens_total_delta,generation_tokens_total,generation_tokens_total_delta,prefix_cache_hit_rate,prefix_cache_hit_rate_reported,cached_tokens_total,cached_tokens_total_delta,prefill_recompute_tokens_mean,ttft_server_s_mean,queue_time_s_mean,prefill_time_s_mean,decode_time_s_mean,external_prefix_cache_hit_rate,offload_load_bytes,offload_load_bytes_delta,offload_store_bytes,offload_store_bytes_delta,offload_load_time_s_mean,offload_alloc_failures,offload_alloc_failures_delta,engine
ae3640d4-28a4-43a1-b186-6317c4facd9a,agent-lambda02-500s,scikit-learn__scikit-learn-13142,scikit-learn__scikit-learn-13142,d911bff95b73ba6bb1053ca221bb2d0e8bb501deb42c48718d8a01a50105803d,agentic,header,0,proxy,Qwen/Qwen3-32B-FP8,False,/v1/chat/completions,1d2da6d0569d145a76672d5d42cb581828ec69f47407eb003768aa6c8f9e493d,d911bff95b73ba6bb1053ca221bb2d0e8bb501deb42c48718d8a01a50105803d,d911bff95b73ba6bb1053ca221bb2d0e8bb501deb42c48718d8a01a50105803d,2,17864,1784293613.316246,1784293964.6580672,1784293964.6580672,200,8173,3390,,response,,,351.34182119369507,,,False,,,False,True,False,1,False,,1,root,2,17864,1.0,1784293613.316,0.0,0,0,0,0.0,765099,0.0,64961,0.0,,,671568,0.0,,,,,,,,,,,,,,vllm
6b451063-2e62-4dd0-bc8e-b24f8656f4d7,agent-lambda02-500s,sympy__sympy-12171,sympy__sympy-12171,23a1fd154e1f7fe9a4e0d03ec11f6b202c2cf5cddefd3598b2926f5c2b5fe0aa,agentic,header,0,proxy,Qwen/Qwen3-32B-FP8,False,/v1/chat/completions,1d2da6d0569d145a76672d5d42cb581828ec69f47407eb003768aa6c8f9e493d,23a1fd154e1f7fe9a4e0d03ec11f6b202c2cf5cddefd3598b2926f5c2b5fe0aa,23a1fd154e1f7fe9a4e0d03ec11f6b202c2cf5cddefd3598b2926f5c2b5fe0aa,2,16051,1784293613.738149,1784293632.59473,1784293632.59473,200,7328,511,,response,,,18.85658097267151,,,False,,,False,True,False,1,False,,1,root,2,16051,1.0,1784293613.316,0.0,0,0,0,0.0,765099,0.0,64961,0.0,,,671568,0.0,,,,,,,,,,,,,,vllm
4f70639a-629b-4668-8d53-cdbacedc02fb,agent-lambda02-500s,sphinx-doc__sphinx-8282,sphinx-doc__sphinx-8282,73cc6bea6208dc3ced916adb821c5316f9e65349b2069add19105afe16b79897,agentic,header,0,proxy,Qwen/Qwen3-32B-FP8,False,/v1/chat/completions,1d2da6d0569d145a76672d5d42cb581828ec69f47407eb003768aa6c8f9e493d,73cc6bea6208dc3ced916adb821c5316f9e65349b2069add19105afe16b79897,73cc6bea6208dc3ced916adb821c5316f9e65349b2069add19105afe16b79897,2,16319,1784293613.7400153,1784293671.3818114,1784293671.3818114,200,7390,1317,,response,,,57.64179611206055,,,False,,,False,True,False,1,False,,1,root,2,16319,1.0,1784293613.316,0.0,0,0,0,0.0,765099,0.0,64961,0.0,,,671568,0.0,,,,,,,,,,,,,,vllm
a9dc74c7-04ea-4799-8f7a-2a525a5104c6,agent-lambda02-500s,psf__requests-1963,psf__requests-1963,6a8a6f8ab4010bdb88f9ca312b5f638238ae2aabbcff501b6c0033732a4e8525,agentic,header,0,proxy,Qwen/Qwen3-32B-FP8,False,/v1/chat/completions,1d2da6d0569d145a76672d5d42cb581828ec69f47407eb003768aa6c8f9e493d,6a8a6f8ab4010bdb88f9ca312b5f638238ae2aabbcff501b6c0033732a4e8525,6a8a6f8ab4010bdb88f9ca312b5f638238ae2aabbcff501b6c0033732a4e8525,2,16095,1784293613.7417994,1784293655.7570705,1784293655.7570705,200,7344,1035,,response,,,42.01527118682861,,,False,,,False,True,False,1,False,,1,root,2,16095,1.0,1784293613.316,0.0,0,0,0,0.0,765099,0.0,64961,0.0,,,671568,0.0,,,,,,,,,,,,,,vllm
10030510-dc6e-44c9-a1fc-9eb128fa4fd1,agent-lambda02-500s,sympy__sympy-18087,sympy__sympy-18087,91cba3cac262cafe0ebfe338ca6662ef437f34cc053f9a037a74713320294be1,agentic,header,0,proxy,Qwen/Qwen3-32B-FP8,False,/v1/chat/completions,1d2da6d0569d145a76672d5d42cb581828ec69f47407eb003768aa6c8f9e493d,91cba3cac262cafe0ebfe338ca6662ef437f34cc053f9a037a74713320294be1,91cba3cac262cafe0ebfe338ca6662ef437f34cc053f9a037a74713320294be1,2,15726,1784293613.7435236,1784293636.620574,1784293636.620574,200,7246,613,,response,,,22.877050399780273,,,False,,,False,True,False,1,False,,1,root,2,15726,1.0,1784293613.316,0.0,0,0,0,0.0,765099,0.0,64961,0.0,,,671568,0.0,,,,,,,,,,,,,,vllm
ac8f556b-a900-49c1-b68f-b2bd9b062fc4,agent-lambda02-500s,pytest-dev__pytest-5227,pytest-dev__pytest-5227,77d912a5b9c1e05e58c67336bc2c3c687b5ff897ae2783f4f5d56aced7e90f6a,agentic,header,0,proxy,Qwen/Qwen3-32B-FP8,False,/v1/chat/completions,1d2da6d0569d145a76672d5d42cb581828ec69f47407eb003768aa6c8f9e493d,77d912a5b9c1e05e58c67336bc2c3c687b5ff897ae2783f4f5d56aced7e90f6a,77d912a5b9c1e05e58c67336bc2c3c687b5ff897ae2783f4f5d56aced7e90f6a,2,16521,1784293613.7454321,1784293637.425618,1784293637.425618,200,7455,635,,response,,,23.680185794830322,,,False,,,False,True,False,1,False,,1,root,2,16521,1.0,1784293613.316,0.0,0,0,0,0.0,765099,0.0,64961,0.0,,,671568,0.0,,,,,,,,,,,,,,vllm
2751deef-5933-4d2b-b410-134f4edfa151,agent-lambda02-500s,sympy__sympy-13773,sympy__sympy-13773,9c67eeac4e11ec3ff4e503c7eb124f2586ea504af693a0d4c5b8fe5e2a8e51bd,agentic,header,0,proxy,Qwen/Qwen3-32B-FP8,False,/v1/chat/completions,1d2da6d0569d145a76672d5d42cb581828ec69f47407eb003768aa6c8f9e493d,9c67eeac4e11ec3ff4e503c7eb124f2586ea504af693a0d4c5b8fe5e2a8e51bd,9c67eeac4e11ec3ff4e503c7eb124f2586ea504af693a0d4c5b8fe5e2a8e51bd,2,16112,1784293613.74727,1784293792.8724751,1784293792.8724751,200,7395,2508,,response,,,179.12520503997803,,,False,,,False,True,False,1,False,,1,root,2,16112,1.0,1784293613.316,0.0,0,0,0,0.0,765099,0.0,64961,0.0,,,671568,0.0,,,,,,,,,,,,,,vllm
c5b2c0e7-a11d-4ee4-ac4a-3b5d31068809,agent-lambda02-500s,scikit-learn__scikit-learn-10508,scikit-learn__scikit-learn-10508,fd1cbaade3f7b8e2cabad3f62d25114c8e9e6529282cffd966128391a78edd8b,agentic,header,0,proxy,Qwen/Qwen3-32B-FP8,False,/v1/chat/completions,1d2da6d0569d145a76672d5d42cb581828ec69f47407eb003768aa6c8f9e493d,fd1cbaade3f7b8e2cabad3f62d25114c8e9e6529282cffd966128391a78edd8b,fd1cbaade3f7b8e2cabad3f62d25114c8e9e6529282cffd966128391a78edd8b,2,17156,1784293617.0194976,1784293647.328564,1784293647.328564,200,7619,782,,response,,,30.30906629562378,,,False,,,False,True,False,1,False,,1,root,2,17156,1.0,1784293613.316,0.0,0,0,0,0.0,765099,0.0,64961,0.0,,,671568,0.0,,,,,,,,,,,,,,vllm
114e2c61-9771-4f15-a5c4-0ec407dd494d,agent-lambda02-500s,sympy__sympy-18621,sympy__sympy-18621,f26fffd828930a9eb413b4d84b6db880935093ee7b5635fcb23cd531cc730a1d,agentic,header,0,proxy,Qwen/Qwen3-32B-FP8,False,/v1/chat/completions,1d2da6d0569d145a76672d5d42cb581828ec69f47407eb003768aa6c8f9e493d,f26fffd828930a9eb413b4d84b6db880935093ee7b5635fcb23cd531cc730a1d,f26fffd828930a9eb413b4d84b6db880935093ee7b5635fcb23cd531cc730a1d,2,17617,1784293628.2302732,1784293661.5758982,1784293661.5758982,200,7848,736,,response,,,33.345624923706055,,,False,,,False,True,False,1,False,,1,root,2,17617,1.0,1784293623.316,0.1863550221099178,0,8,0,0.0,825049,7619.0,66168,1174.0,0.9996062475390471,,728672,7616.0,,0.15692925453183193,,,,,,,,,,,,vllm
91e0221d-6975-425e-abed-142b4c312e86,agent-lambda02-500s,sympy__sympy-13915,sympy__sympy-13915,9f66cf0ab31b1cb6c4578ea6f64cfd348255adab7f3e0dfbc67e700ba41ace4f,agentic,header,0,proxy,Qwen/Qwen3-32B-FP8,False,/v1/chat/completions,1d2da6d0569d145a76672d5d42cb581828ec69f47407eb003768aa6c8f9e493d,9f66cf0ab31b1cb6c4578ea6f64cfd348255adab7f3e0dfbc67e700ba41ace4f,9f66cf0ab31b1cb6c4578ea6f64cfd348255adab7f3e0dfbc67e700ba41ace4f,2,16126,1784293630.0247247,1784293734.6609018,1784293734.6609018,200,7400,1598,,response,,,104.63617706298828,,,False,,,False,True,False,1,False,,1,root,2,16126,1.0,1784293628.316,0.1947778479679932,0,8,0,0.0,825049,0.0,67384,1216.0,,,728672,0.0,,,,,,,,,,,,,,vllm
5289cc23-f004-447a-b9af-4bdc0edff6b8,agent-lambda02-500s,sympy__sympy-12171,sympy__sympy-12171,23a1fd154e1f7fe9a4e0d03ec11f6b202c2cf5cddefd3598b2926f5c2b5fe0aa,agentic,header,1,proxy,Qwen/Qwen3-32B-FP8,False,/v1/chat/completions,6ebdba978c767ce0ab0d1a7e511c06eaf37247802c694d81240494cb97266acd,75b399ffbe6dca341e4201ae48fb968b93dd149d0be6e3445d858550646daaae,23a1fd154e1f7fe9a4e0d03ec11f6b202c2cf5cddefd3598b2926f5c2b5fe0aa,4,18845,1784293632.904615,1784293647.451643,1784293647.451643,200,7909,318,,response,,,14.547028064727783,,,False,0.30988502502441406,581.0,True,False,False,1,False,,1,root,2,16051,0.8517378615017246,1784293628.316,0.1947778479679932,0,8,0,0.0,825049,0.0,67384,1216.0,,,728672,0.0,,,,,,,,,,,,,,vllm
7ed71381-7c00-4711-b449-537df1db2a90,agent-lambda02-500s,sphinx-doc__sphinx-7975,sphinx-doc__sphinx-7975,3f0f1cfc934182e9565e2908cb1168ae0786bcdd9a34b6678697ba3fa0ecdfa4,agentic,header,0,proxy,Qwen/Qwen3-32B-FP8,False,/v1/chat/completions,1d2da6d0569d145a76672d5d42cb581828ec69f47407eb003768aa6c8f9e493d,3f0f1cfc934182e9565e2908cb1168ae0786bcdd9a34b6678697ba3fa0ecdfa4,3f0f1cfc934182e9565e2908cb1168ae0786bcdd9a34b6678697ba3fa0ecdfa4,2,15888,1784293637.516149,1784293696.3458316,1784293696.3458316,200,7278,956,,response,,,58.82968258857727,,,False,,,False,True,False,1,False,,1,root,2,15888,1.0,1784293633.316,0.2414192461570856,0,10,0,0.0,840297,15248.0,68614,1230.0,0.9989506820566632,,743904,15232.0,,0.148648500442512,,,,,,,,,,,,vllm
ab716178-19f7-4f8f-9269-596541bb65a7,agent-lambda02-500s,sympy__sympy-18087,sympy__sympy-18087,91cba3cac262cafe0ebfe338ca6662ef437f34cc053f9a037a74713320294be1,agentic,header,1,proxy,Qwen/Qwen3-32B-FP8,False,/v1/chat/completions,73f73292ab432d19c6def4af076e731fb1e1593c8cf08e919b01c7d6319bf729,88a0785a6473897af4210ea827bd3eb2adf39d4e7392e1c37e31424af14c78ee,91cba3cac262cafe0ebfe338ca6662ef437f34cc053f9a037a74713320294be1,4,20231,1784293638.1212945,1784293660.6573682,1784293660.6573682,200,8327,465,,response,,,22.536073684692383,,,False,1.500720500946045,1081.0,True,False,False,1,False,,1,root,2,15726,0.7773219316889921,1784293633.316,0.2414192461570856,0,10,0,0.0,840297,15248.0,68614,1230.0,0.9989506820566632,,743904,15232.0,,0.148648500442512,,,,,,,,,,,,vllm
4142c95f-1ef3-439d-90df-9a41cbb0de48,agent-lambda02-500s,sympy__sympy-24066,sympy__sympy-24066,9fd28a5e464d33539e38bea869d56a7a9a1f0aac0218752035ffe464b23a5e68,agentic,header,0,proxy,Qwen/Qwen3-32B-FP8,False,/v1/chat/completions,1d2da6d0569d145a76672d5d42cb581828ec69f47407eb003768aa6c8f9e493d,9fd28a5e464d33539e38bea869d56a7a9a1f0aac0218752035ffe464b23a5e68,9fd28a5e464d33539e38bea869d56a7a9a1f0aac0218752035ffe464b23a5e68,2,16039,1784293640.8391502,1784293732.4064775,1784293732.4064775,200,7317,1330,,response,,,91.56732726097107,,,False,,,False,True,False,1,False,,1,root,2,16039,1.0,1784293638.316,0.2502632133080649,0,10,0,0.0,848206,7909.0,69902,1288.0,0.9892527500316095,,751728,7824.0,16.0,0.24132943153381348,5.081295967102051e-06,0.07207681238651276,18.719963282346725,,,,,,,,,vllm
23711e76-c4c2-4195-930c-e6756a706a30,agent-lambda02-500s,sphinx-doc__sphinx-8282,sphinx-doc__sphinx-8282,73cc6bea6208dc3ced916adb821c5316f9e65349b2069add19105afe16b79897,agentic,header,1,proxy,Qwen/Qwen3-32B-FP8,False,/v1/chat/completions,1d2da6d0569d145a76672d5d42cb581828ec69f47407eb003768aa6c8f9e493d,73cc6bea6208dc3ced916adb821c5316f9e65349b2069add19105afe16b79897,73cc6bea6208dc3ced916adb821c5316f9e65349b2069add19105afe16b79897,2,16319,1784293641.8470342,1784293674.8424127,1784293674.8424127,200,7390,686,,response,,,32.995378494262695,,,False,-29.53477716445923,0.0,True,True,True,1,False,,1,root,2,16319,1.0,1784293638.316,0.2502632133080649,0,10,0,0.0,848206,7909.0,69902,1288.0,0.9892527500316095,,751728,7824.0,16.0,0.24132943153381348,5.081295967102051e-06,0.07207681238651276,18.719963282346725,,,,,,,,,vllm
d5acb1e2-e0bc-4614-bd2c-6750a4023a1a,agent-lambda02-500s,pytest-dev__pytest-5227,pytest-dev__pytest-5227,77d912a5b9c1e05e58c67336bc2c3c687b5ff897ae2783f4f5d56aced7e90f6a,agentic,header,1,proxy,Qwen/Qwen3-32B-FP8,False,/v1/chat/completions,1d433fb3b2cafea986abc0f956423ec278c48ed4db54d212a768b2e6c56f31f3,d6b6a2aba6d75112c5feb6612d991aa5641057c38d0be4a9f3b3f89fc5ed6b72,77d912a5b9c1e05e58c67336bc2c3c687b5ff897ae2783f4f5d56aced7e90f6a,4,20188,1784293646.5262384,1784293667.1180854,1784293667.1180854,200,8226,437,,response,,,20.59184694290161,,,False,9.10062050819397,771.0,True,False,False,1,False,,1,root,2,16521,0.818357440063404,1784293643.316,0.2533164876816172,0,10,0,0.0,863811,15605.0,70756,854.0,0.8048702338993913,,764288,12560.0,1390.5,1.3863431215286255,1.5623867511527223e-05,1.32983910292387,21.818962294608355,,,,,,,,,vllm
56839088-0310-40be-83a7-a9eba25df1e1,agent-lambda02-500s,scikit-learn__scikit-learn-10508,scikit-learn__scikit-learn-10508,fd1cbaade3f7b8e2cabad3f62d25114c8e9e6529282cffd966128391a78edd8b,agentic,header,1,proxy,Qwen/Qwen3-32B-FP8,False,/v1/chat/completions,e0713c0857da6f07800d09c9b462d30614c522343b3c54657ef2c9971e59a914,5d13e88694bf39438931861e351a6408e97761ecee2e413d09680d0a66b82991,fd1cbaade3f7b8e2cabad3f62d25114c8e9e6529282cffd966128391a78edd8b,4,21159,1784293647.407251,1784293675.716856,1784293675.716856,200,8419,572,,response,,,28.30960512161255,,,False,0.07868695259094238,800.0,True,False,False,1,False,,1,root,2,17156,0.810813365470958,1784293643.316,0.2533164876816172,0,10,0,0.0,863811,15605.0,70756,854.0,0.8048702338993913,,764288,12560.0,1390.5,1.3863431215286255,1.5623867511527223e-05,1.32983910292387,21.818962294608355,,,,,,,,,vllm
4a74fcd4-d6b4-46a4-8a45-aba3981d12c9,agent-lambda02-500s,sympy__sympy-12171,sympy__sympy-12171,23a1fd154e1f7fe9a4e0d03ec11f6b202c2cf5cddefd3598b2926f5c2b5fe0aa,agentic,header,2,proxy,Qwen/Qwen3-32B-FP8,False,/v1/chat/completions,811beee390c346bf18e4c733bd61f5d74272fdc96c6a7f3ed07156473afd69fd,33f27ba39d2a460c57ceaee443514177b495b024dfdbbcc08e34472b8667eb62,23a1fd154e1f7fe9a4e0d03ec11f6b202c2cf5cddefd3598b2926f5c2b5fe0aa,6,20753,1784293648.436895,1784293681.5147018,1784293681.5147018,200,8329,587,,response,,,33.07780694961548,,,False,0.9852519035339355,420.0,True,False,False,1,False,,1,root,2,16051,0.7734303474196502,1784293648.316,0.2800589597810065,0,12,0,0.0,878518,14707.0,72174,1418.0,0.998708098184538,,778976,14688.0,,0.1855316162109375,,,,,,,,,,,,vllm
f4b1efec-4afd-46c2-9ae3-1f4678ab682a,agent-lambda02-500s,psf__requests-1963,psf__requests-1963,6a8a6f8ab4010bdb88f9ca312b5f638238ae2aabbcff501b6c0033732a4e8525,agentic,header,1,proxy,Qwen/Qwen3-32B-FP8,False,/v1/chat/completions,6e06ad32ee0391dd244de0013b7523e314f84beafe7765b2c3830f6af50d4567,dc32c94b1c0c7f5cd9ff4ce96ce964857c15ef2c7619b2b88f506de80671de45,6a8a6f8ab4010bdb88f9ca312b5f638238ae2aabbcff501b6c0033732a4e8525,4,21054,1784293655.83442,1784293716.9479218,1784293716.9479218,200,8397,817,,response,,,61.11350178718567,,,False,0.07734942436218262,1053.0,True,False,False,1,False,,1,root,2,16095,0.7644628099173554,1784293653.316,0.3134344072436302,0,13,0,0.0,903492,24974.0,73587,1413.0,0.9891887563065588,,803680,24704.0,44.0,0.24094239870707193,1.0084360837936401e-05,0.13978275656700134,22.22391846775986,,,,,,,,,vllm
8e700ea7-5559-4b9d-ace5-92a3449c01a6,agent-lambda02-500s,sympy__sympy-18621,sympy__sympy-18621,f26fffd828930a9eb413b4d84b6db880935093ee7b5635fcb23cd531cc730a1d,agentic,header,1,proxy,Qwen/Qwen3-32B-FP8,False,/v1/chat/completions,816f5776059d8e179daba42f4ee01fdf73f5ec677100247ae9f2051e7d358e0f,f2f1a1306f79e819c842825720f042b9e41aa4bcc183d6187c02bee91046af98,f26fffd828930a9eb413b4d84b6db880935093ee7b5635fcb23cd531cc730a1d,4,21142,1784293661.6345167,1784293690.7761524,1784293690.7761524,200,8602,441,,response,,,29.14163565635681,,,False,0.05861854553222656,754.0,True,False,False,1,False,,1,root,2,17617,0.833270267713556,1784293658.316,0.3236470835965466,0,13,0,0.0,903492,0.0,75147,1560.0,,,803680,0.0,,,,,,,,,,,,,,vllm
c81b952a-fdfb-49fc-92a0-ac90e4ac74d5,agent-lambda02-500s,pytest-dev__pytest-5227,pytest-dev__pytest-5227,77d912a5b9c1e05e58c67336bc2c3c687b5ff897ae2783f4f5d56aced7e90f6a,agentic,header,2,proxy,Qwen/Qwen3-32B-FP8,False,/v1/chat/completions,a471b6cb577c2cc25e285e1070b97ee581741d51c2e701d1d568878bc7a6abd5,805fed37423f9fb41354aee33dd9cc0919b217f54ba6d79eadc8e06387deab8d,77d912a5b9c1e05e58c67336bc2c3c687b5ff897ae2783f4f5d56aced7e90f6a,6,23040,1784293667.2230911,1784293684.4179099,1784293684.4179099,200,8873,247,,response,,,17.19481873512268,,,False,0.10500574111938477,647.0,True,False,False,1,False,,1,root,2,16521,0.7170572916666667,1784293663.316,0.3509159823120656,0,14,0,0.0,919673,16181.0,76177,1030.0,0.8078610716272171,,816752,13072.0,16.0,1.0365382432937622,4.403293133226072e-06,0.10286656767129898,41.82325257360981,,,,,,,,,vllm
f890cf02-0902-475f-8ee2-6cc18396bd09,agent-lambda02-500s,pallets__flask-5063,pallets__flask-5063,083ae8c0e899ba99d2586dac9608748035e8b82069dfd5ebe663dfc77b900dc6,agentic,header,0,proxy,Qwen/Qwen3-32B-FP8,False,/v1/chat/completions,1d2da6d0569d145a76672d5d42cb581828ec69f47407eb003768aa6c8f9e493d,083ae8c0e899ba99d2586dac9608748035e8b82069dfd5ebe663dfc77b900dc6,083ae8c0e899ba99d2586dac9608748035e8b82069dfd5ebe663dfc77b900dc6,2,17525,1784293668.7174525,1784293749.4318473,1784293749.4318473,200,7514,901,,response,,,80.71439480781555,,,False,,,False,True,False,1,False,,1,root,2,17525,1.0,1784293668.316,0.3344914718888186,0,13,0,0.0,928275,8602.0,77711,1534.0,0.9969774471053243,,825328,8576.0,239.5,0.22542643547058105,8.616596460342407e-06,0.4107859581708908,27.233106207102537,,,,,,,,,vllm
4efb6732-9993-4115-a376-367b08f0275a,agent-lambda02-500s,sphinx-doc__sphinx-7975,sphinx-doc__sphinx-7975,3f0f1cfc934182e9565e2908cb1168ae0786bcdd9a34b6678697ba3fa0ecdfa4,agentic,header,1,proxy,Qwen/Qwen3-32B-FP8,False,/v1/chat/completions,1d2da6d0569d145a76672d5d42cb581828ec69f47407eb003768aa6c8f9e493d,3f0f1cfc934182e9565e2908cb1168ae0786bcdd9a34b6678697ba3fa0ecdfa4,3f0f1cfc934182e9565e2908cb1168ae0786bcdd9a34b6678697ba3fa0ecdfa4,2,15888,1784293669.411136,1784293734.8582656,1784293734.8582656,200,7278,748,,response,,,65.44712972640991,,,False,-26.934695720672607,0.0,True,True,True,1,False,,1,root,2,15888,1.0,1784293668.316,0.3344914718888186,0,13,0,0.0,928275,8602.0,77711,1534.0,0.9969774471053243,,825328,8576.0,239.5,0.22542643547058105,8.616596460342407e-06,0.4107859581708908,27.233106207102537,,,,,,,,,vllm
e9d0ba24-fece-48a2-a674-63b661b4fca2,agent-lambda02-500s,sphinx-doc__sphinx-8282,sphinx-doc__sphinx-8282,73cc6bea6208dc3ced916adb821c5316f9e65349b2069add19105afe16b79897,agentic,header,2,proxy,Qwen/Qwen3-32B-FP8,False,/v1/chat/completions,9760ee4e7827e813333b8b9e06e9634ba85dad702ad9a63e9ea005cdea737e4d,ad115b350008d15c2fa399c954b54c80eb96bdff1ed1bdcf31ac2755f720c921,73cc6bea6208dc3ced916adb821c5316f9e65349b2069add19105afe16b79897,4,23038,1784293671.4355533,1784293739.9016342,1784293739.9016342,200,8725,794,,response,,,68.46608090400696,,,False,-3.4068593978881836,1335.0,True,False,False,1,False,,1,root,2,16319,0.7083514193940447,1784293668.316,0.3344914718888186,0,13,0,0.0,928275,8602.0,77711,1534.0,0.9969774471053243,,825328,8576.0,239.5,0.22542643547058105,8.616596460342407e-06,0.4107859581708908,27.233106207102537,,,,,,,,,vllm
49697b7c-009c-4e52-9259-8a0d4014cded,agent-lambda02-500s,sphinx-doc__sphinx-8282,sphinx-doc__sphinx-8282,73cc6bea6208dc3ced916adb821c5316f9e65349b2069add19105afe16b79897,agentic,header,3,proxy,Qwen/Qwen3-32B-FP8,False,/v1/chat/completions,55e77bb6f78dad95c467fb2e7b9d176e76ae36327430f7899b4343e6579ae69a,b07af542b2c32a73334513a373c4740692ab6272735c237a5072a5bb76b8e889,73cc6bea6208dc3ced916adb821c5316f9e65349b2069add19105afe16b79897,4,20003,1784293674.9013877,1784293735.9813187,1784293735.9813187,200,8094,660,,response,,,61.079931020736694,,,False,-65.00024652481079,-631.0,True,False,False,1,True,631.0,1,root,2,16319,0.8158276258561216,1784293673.316,0.3607075173720783,0,15,0,0.0,944662,16387.0,78682,971.0,0.870821888865413,,838672,13344.0,146.0,1.043332815170288,1.1876225471052493e-05,0.23239054530858994,20.286474645137787,,,,,,,,,vllm
53251c3a-c93a-47e2-8ebd-beb5d9f040a6,agent-lambda02-500s,scikit-learn__scikit-learn-10508,scikit-learn__scikit-learn-10508,fd1cbaade3f7b8e2cabad3f62d25114c8e9e6529282cffd966128391a78edd8b,agentic,header,2,proxy,Qwen/Qwen3-32B-FP8,False,/v1/chat/completions,cb182325b718aed9ab929c18a6d8545d766cf4426a105e3b137e004497889826,1011083d54f1b6a34fec99999c622acf19819951431b8c73329654938378639a,fd1cbaade3f7b8e2cabad3f62d25114c8e9e6529282cffd966128391a78edd8b,6,44704,1784293675.8208637,1784293730.7678123,1784293730.7678123,200,15303,573,,response,,,54.946948528289795,,,False,0.10400772094726562,6884.0,True,False,False,1,False,,1,root,2,17156,0.3837687902648533,1784293673.316,0.3607075173720783,0,15,0,0.0,944662,16387.0,78682,971.0,0.870821888865413,,838672,13344.0,146.0,1.043332815170288,1.1876225471052493e-05,0.23239054530858994,20.286474645137787,,,,,,,,,vllm
04bb424d-5817-4768-8d94-20efbb7d7d6f,agent-lambda02-500s,pytest-dev__pytest-5227,pytest-dev__pytest-5227,77d912a5b9c1e05e58c67336bc2c3c687b5ff897ae2783f4f5d56aced7e90f6a,agentic,header,3,proxy,Qwen/Qwen3-32B-FP8,False,/v1/chat/completions,03369ca4436a0df2a78a2b0a16dc1be4d2146f6558825cc5833bbea723d55696,76a5c0d11a1b74696d5c92d18a7e1106957f49f7613015ef704c180f383ab2ae,77d912a5b9c1e05e58c67336bc2c3c687b5ff897ae2783f4f5d56aced7e90f6a,8,25053,1784293685.67467,1784293714.7260537,1784293714.7260537,200,9286,283,,response,,,29.05138373374939,,,False,1.2567601203918457,413.0,True,False,False,1,False,,1,root,2,16521,0.6594419829960484,1784293683.316,0.4155611707727943,0,15,0,0.0,984062,15303.0,80648,322.0,0.5865516565379337,,871680,8976.0,19.0,4.307293891906738,1.0132789612260495e-05,0.15029467642307281,28.115085184574582,,,,,,,,,vllm
ef7403df-83dd-4b11-a81e-9d81c45ac587,agent-lambda02-500s,sphinx-doc__sphinx-8627,sphinx-doc__sphinx-8627,6c23973015debd3d2274c481a9d299ad6ab8140f50936424d47008ccd4e1f096,agentic,header,0,proxy,Qwen/Qwen3-32B-FP8,False,/v1/chat/completions,1d2da6d0569d145a76672d5d42cb581828ec69f47407eb003768aa6c8f9e493d,6c23973015debd3d2274c481a9d299ad6ab8140f50936424d47008ccd4e1f096,6c23973015debd3d2274c481a9d299ad6ab8140f50936424d47008ccd4e1f096,2,16880,1784293686.442094,1784293827.5747664,1784293827.5747664,200,7505,1081,,response,,,141.1326723098755,,,False,,,False,True,False,1,False,,1,root,2,16880,1.0,1784293683.316,0.4155611707727943,0,15,0,0.0,984062,15303.0,80648,322.0,0.5865516565379337,,871680,8976.0,19.0,4.307293891906738,1.0132789612260495e-05,0.15029467642307281,28.115085184574582,,,,,,,,,vllm
01810b26-3687-4d84-b98c-972f638ef7d1,agent-lambda02-500s,sympy__sympy-11400,sympy__sympy-11400,068bde7347f8500b3314f97f2bac7a09d413f310a3e736919aa3c1507ad33554,agentic,header,0,proxy,Qwen/Qwen3-32B-FP8,False,/v1/chat/completions,1d2da6d0569d145a76672d5d42cb581828ec69f47407eb003768aa6c8f9e493d,068bde7347f8500b3314f97f2bac7a09d413f310a3e736919aa3c1507ad33554,068bde7347f8500b3314f97f2bac7a09d413f310a3e736919aa3c1507ad33554,2,15736,1784293688.2468293,1784293792.1692383,1784293792.1692383,200,7293,943,,response,,,103.92240905761719,,,False,,,False,False,False,1,False,,1,root,2,15736,1.0,1784293683.316,0.4155611707727943,0,15,0,0.0,984062,15303.0,80648,322.0,0.5865516565379337,,871680,8976.0,19.0,4.307293891906738,1.0132789612260495e-05,0.15029467642307281,28.115085184574582,,,,,,,,,vllm
027f62da-4b21-417d-9f4f-0353301986c9,agent-lambda02-500s,sympy__sympy-18621,sympy__sympy-18621,f26fffd828930a9eb413b4d84b6db880935093ee7b5635fcb23cd531cc730a1d,agentic,header,2,proxy,Qwen/Qwen3-32B-FP8,False,/v1/chat/completions,e61174a9520d873739d70e173d0f89c6c4829c8445d9d95776c1d576ef955ea6,46b05c082a667403a268e326b1a8dffa7ef3500d416fb827e21974161536d096,f26fffd828930a9eb413b4d84b6db880935093ee7b5635fcb23cd531cc730a1d,6,43741,1784293690.916903,1784293732.2754872,1784293732.2754872,200,15485,429,,response,,,41.35858416557312,,,False,0.14075064659118652,6883.0,True,False,False,1,False,,1,root,2,17617,0.40275713861137147,1784293688.316,0.3681827753211202,0,13,0,0.0,984062,0.0,82130,1482.0,,,871680,0.0,161.0,,5.029141902923584e-06,0.24438988789916039,24.84771873429395,,,,,,,,,vllm
ba8cde69-b0c0-490c-bc05-b6624f479a96,agent-lambda02-500s,sympy__sympy-20322,sympy__sympy-20322,777acaa20dd74a750e214a65c827e8afb86f4b9a9ac08bc96b475d2262818da3,agentic,header,0,proxy,Qwen/Qwen3-32B-FP8,False,/v1/chat/completions,1d2da6d0569d145a76672d5d42cb581828ec69f47407eb003768aa6c8f9e493d,777acaa20dd74a750e214a65c827e8afb86f4b9a9ac08bc96b475d2262818da3,777acaa20dd74a750e214a65c827e8afb86f4b9a9ac08bc96b475d2262818da3,2,16103,1784293691.7834852,1784293786.1776056,1784293786.1776056,200,7429,855,,response,,,94.39412045478821,,,False,,,False,True,False,1,False,,1,root,2,16103,1.0,1784293688.316,0.3681827753211202,0,13,0,0.0,984062,0.0,82130,1482.0,,,871680,0.0,161.0,,5.029141902923584e-06,0.24438988789916039,24.84771873429395,,,,,,,,,vllm
1544410a-638b-4c1b-a664-87f3b6d5d166,agent-lambda02-500s,sympy__sympy-18087,sympy__sympy-18087,91cba3cac262cafe0ebfe338ca6662ef437f34cc053f9a037a74713320294be1,agentic,header,2,proxy,Qwen/Qwen3-32B-FP8,False,/v1/chat/completions,bc0e3da8e37efcc7149e377ec93f3ce5612261c1057949a19a0bb1e2190b0705,b5f9885325434cdeaf53686a1ea920bd0bd9157194d8f6748359225e8fdef8b8,91cba3cac262cafe0ebfe338ca6662ef437f34cc053f9a037a74713320294be1,6,22958,1784293692.260825,1784293716.242525,1784293716.242525,200,8948,264,,response,,,23.98170018196106,,,False,31.603456735610962,621.0,True,False,False,1,False,,1,root,2,15726,0.6849899817057234,1784293688.316,0.3681827753211202,0,13,0,0.0,984062,0.0,82130,1482.0,,,871680,0.0,161.0,,5.029141902923584e-06,0.24438988789916039,24.84771873429395,,,,,,,,,vllm
7820834b-1308-403f-a753-644ecaf0b29b,agent-lambda02-500s,sphinx-doc__sphinx-7975,sphinx-doc__sphinx-7975,3f0f1cfc934182e9565e2908cb1168ae0786bcdd9a34b6678697ba3fa0ecdfa4,agentic,header,2,proxy,Qwen/Qwen3-32B-FP8,False,/v1/chat/completions,d3c6799067830906d7a19a234e920589ce3e02aecac14422d5a9984c057e5bc7,d60351c1da3709d015e7fe80638387b89864e04b94ce8f12575854e325cdd930,3f0f1cfc934182e9565e2908cb1168ae0786bcdd9a34b6678697ba3fa0ecdfa4,4,21041,1784293696.4204893,1784293741.5222034,1784293741.5222034,200,8322,537,,response,,,45.10171413421631,,,False,-38.43777632713318,1044.0,True,False,False,1,False,,1,root,2,15888,0.755097191198137,1784293693.316,0.4373552326805643,0,16,0,0.0,1008146,24084.0,82629,499.0,0.7686430825444278,,890192,18512.0,,1.2684133052825928,,,,,,,,,,,,vllm
86022135-90a6-45a7-8808-72db8815a882,agent-lambda02-500s,pytest-dev__pytest-7220,pytest-dev__pytest-7220,1ea1008bfbc20fa5268966ecdc500e2a7dd25ee28449a4464fda742adcfc9300,agentic,header,0,proxy,Qwen/Qwen3-32B-FP8,False,/v1/chat/completions,1d2da6d0569d145a76672d5d42cb581828ec69f47407eb003768aa6c8f9e493d,1ea1008bfbc20fa5268966ecdc500e2a7dd25ee28449a4464fda742adcfc9300,1ea1008bfbc20fa5268966ecdc500e2a7dd25ee28449a4464fda742adcfc9300,2,18233,1784293700.030536,1784293877.6275136,1784293877.6275136,200,7810,1201,,response,,,177.59697771072388,,,False,,,False,True,False,1,False,,1,root,2,18233,1.0,1784293698.316,0.5271636133922931,0,18,0,0.0,1040008,31862.0,82863,234.0,0.7924172996045445,,915440,25248.0,26.0,3.8298912843068393,7.316470146179199e-06,0.16320806741714478,28.91185002028942,,,,,,,,,vllm
5264d299-3a64-4288-b165-73dd3fb77a4b,agent-lambda02-500s,scikit-learn__scikit-learn-25500,scikit-learn__scikit-learn-25500,9dddb01ef2c1a29ee615510264ff00cfe7f3401dbb01fdb28ff5c458f860098c,agentic,header,0,proxy,Qwen/Qwen3-32B-FP8,False,/v1/chat/completions,1d2da6d0569d145a76672d5d42cb581828ec69f47407eb003768aa6c8f9e493d,9dddb01ef2c1a29ee615510264ff00cfe7f3401dbb01fdb28ff5c458f860098c,9dddb01ef2c1a29ee615510264ff00cfe7f3401dbb01fdb28ff5c458f860098c,2,20311,1784293701.1601562,1784293832.601188,1784293832.601188,200,8504,991,,response,,,131.44103169441223,,,False,,,False,True,False,1,False,,1,root,2,20311,1.0,1784293698.316,0.5271636133922931,0,18,0,0.0,1040008,31862.0,82863,234.0,0.7924172996045445,,915440,25248.0,26.0,3.8298912843068393,7.316470146179199e-06,0.16320806741714478,28.91185002028942,,,,,,,,,vllm
1cf55bb1-ebbf-417d-9670-755bf12a3c98,agent-lambda02-500s,pytest-dev__pytest-5227,pytest-dev__pytest-5227,77d912a5b9c1e05e58c67336bc2c3c687b5ff897ae2783f4f5d56aced7e90f6a,agentic,header,4,proxy,Qwen/Qwen3-32B-FP8,False,/v1/chat/completions,11926c57ee946c1657d42b28d6e13766b15d5754e3b2bef8c75962c00333d5ff,1b888c34528c60b78ece7113294ed9ad76da89dfb9630db827cefa074b1a8aed,77d912a5b9c1e05e58c67336bc2c3c687b5ff897ae2783f4f5d56aced7e90f6a,10,26965,1784293716.447108,1784293734.268204,1784293734.268204,200,9684,184,,response,,,17.821095943450928,,,False,1.7210543155670166,398.0,True,False,False,1,False,,1,root,2,16521,0.6126831077322455,1784293713.316,0.5951779321962518,0,20,0,0.0,1064644,0.0,86150,1580.0,,,933072,0.0,,,,,,,,,,,,,,vllm
e279be5f-0eb0-4bed-a882-f1e67da40388,agent-lambda02-500s,psf__requests-1963,psf__requests-1963,6a8a6f8ab4010bdb88f9ca312b5f638238ae2aabbcff501b6c0033732a4e8525,agentic,header,2,proxy,Qwen/Qwen3-32B-FP8,False,/v1/chat/completions,e044cd22db0bb5211cc836262db94d3d852cae294621a0867f0ca02e34bb03b5,00a6448e10290cebc8e8518659f297ecd8a8e4b1c5d9beff81fe7291229dd8e2,6a8a6f8ab4010bdb88f9ca312b5f638238ae2aabbcff501b6c0033732a4e8525,6,45426,1784293717.0815089,1784293897.403237,1784293897.403237,200,15016,1150,,response,,,180.3217282295227,,,False,0.13358712196350098,6619.0,True,False,False,1,False,,1,root,2,16095,0.35431250825518423,1784293713.316,0.5951779321962518,0,20,0,0.0,1064644,0.0,86150,1580.0,,,933072,0.0,,,,,,,,,,,,,,vllm
04b65e3c-54a6-46b7-8af7-cad3ffc97649,agent-lambda02-500s,sympy__sympy-18087,sympy__sympy-18087,91cba3cac262cafe0ebfe338ca6662ef437f34cc053f9a037a74713320294be1,agentic,header,3,proxy,Qwen/Qwen3-32B-FP8,False,/v1/chat/completions,95dd58ddd85c6a4fd8f4402ee1d1c0c38ba0a9496715d94548bff7244ad2d7b1,91bda37893dd2c46ee96613123c2ede78be1c34fb27fb75b58eb8eded642a2e6,91cba3cac262cafe0ebfe338ca6662ef437f34cc053f9a037a74713320294be1,8,25651,1784293717.9619112,1784293740.293283,1784293740.293283,200,9666,257,,response,,,22.331371784210205,,,False,1.719386100769043,718.0,True,False,False,1,False,,1,root,2,15726,0.6130755136251999,1784293713.316,0.5951779321962518,0,20,0,0.0,1064644,0.0,86150,1580.0,,,933072,0.0,,,,,,,,,,,,,,vllm
71845764-f93e-436d-aaff-6fd624bf64c5,agent-lambda02-500s,sympy__sympy-12171,sympy__sympy-12171,23a1fd154e1f7fe9a4e0d03ec11f6b202c2cf5cddefd3598b2926f5c2b5fe0aa,agentic,header,3,proxy,Qwen/Qwen3-32B-FP8,False,/v1/chat/completions,c2952e5c4ee9ae5f069848896fa8778564c4190bf39643f5f985127a36ec9b05,b4ab94f727e83c66fcfc9cf8b8462e4f7b938d1a2a587ededca62c8373835a38,23a1fd154e1f7fe9a4e0d03ec11f6b202c2cf5cddefd3598b2926f5c2b5fe0aa,8,24624,1784293723.282279,1784293814.9825342,1784293814.9825342,200,9296,712,,response,,,91.70025515556335,,,False,41.767577171325684,967.0,True,False,False,1,False,,1,root,2,16051,0.6518437296946069,1784293718.316,0.5734891556117077,0,19,0,0.0,1064644,0.0,87718,1568.0,,,933072,0.0,182.0,,7.70390033633106e-06,0.29145847260951996,28.734320178627968,,,,,,,,,vllm
e8e8d54a-a666-48f3-8ebc-4cbacea46317,agent-lambda02-500s,matplotlib__matplotlib-26020,matplotlib__matplotlib-26020,5713bf2e1fa2721b261e2b3fd78ae367f7452bc1c002d7cbb424418104835f3a,agentic,header,0,proxy,Qwen/Qwen3-32B-FP8,False,/v1/chat/completions,1d2da6d0569d145a76672d5d42cb581828ec69f47407eb003768aa6c8f9e493d,5713bf2e1fa2721b261e2b3fd78ae367f7452bc1c002d7cbb424418104835f3a,5713bf2e1fa2721b261e2b3fd78ae367f7452bc1c002d7cbb424418104835f3a,2,35290,1784293728.7175763,1784293841.1226997,1784293841.1226997,200,13059,721,,response,,,112.40512347221375,,,False,,,False,True,False,1,False,,1,root,2,35290,1.0,1784293728.316,0.6882501579279848,0,21,0,0.0,1108306,33978.0,89326,1125.0,0.9586919104991394,,969952,27312.0,,2.8076209227243965,,,,,,,,,,,,vllm
1629437a-92da-4a0d-bc6e-759ddc70e34f,agent-lambda02-500s,scikit-learn__scikit-learn-10508,scikit-learn__scikit-learn-10508,fd1cbaade3f7b8e2cabad3f62d25114c8e9e6529282cffd966128391a78edd8b,agentic,header,3,proxy,Qwen/Qwen3-32B-FP8,False,/v1/chat/completions,7e2361dc3d0b792c7236a4ce9866e4a562e080be5827383efd2c2b09093273b6,ef516e7c586cd89fc47ec87bc45fa81342b5dd256af3f3e663ea333ee4defa30,fd1cbaade3f7b8e2cabad3f62d25114c8e9e6529282cffd966128391a78edd8b,8,48028,1784293730.8728864,1784293818.3056133,1784293818.3056133,200,16024,624,,response,,,87.43272686004639,,,False,0.10507416725158691,721.0,True,False,False,1,False,,1,root,2,17156,0.357208295161156,1784293728.316,0.6882501579279848,0,21,0,0.0,1108306,33978.0,89326,1125.0,0.9586919104991394,,969952,27312.0,,2.8076209227243965,,,,,,,,,,,,vllm
36d1cc11-5096-4434-ab91-3679021232e8,agent-lambda02-500s,sympy__sympy-18621,sympy__sympy-18621,f26fffd828930a9eb413b4d84b6db880935093ee7b5635fcb23cd531cc730a1d,agentic,header,3,proxy,Qwen/Qwen3-32B-FP8,False,/v1/chat/completions,2782034c6897104b69b7cb9bb0b185261966f852b1f8c7e7b1b63d16ea630531,c04865e31f70956c2b11548160565eee96aa9869672f8d2573e63710efe0e4c8,f26fffd828930a9eb413b4d84b6db880935093ee7b5635fcb23cd531cc730a1d,8,46180,1784293732.3241713,1784293804.7785819,1784293804.7785819,200,16028,568,,response,,,72.45441055297852,,,False,0.048684120178222656,543.0,True,False,False,1,False,,1,root,2,17617,0.3814854915547856,1784293728.316,0.6882501579279848,0,21,0,0.0,1108306,33978.0,89326,1125.0,0.9586919104991394,,969952,27312.0,,2.8076209227243965,,,,,,,,,,,,vllm
7e7663bc-a83d-4918-aff6-473a591b1e95,agent-lambda02-500s,sympy__sympy-24066,sympy__sympy-24066,9fd28a5e464d33539e38bea869d56a7a9a1f0aac0218752035ffe464b23a5e68,agentic,header,1,proxy,Qwen/Qwen3-32B-FP8,False,/v1/chat/completions,0109fb03db3a4b49b3845a9c4cb2d5fe27dc9dd0391c2567acc87e1fe46489a9,cdd75671334e819ad13bc92cebda3e0f54e86360c6c2d42488c68eb45c7242c2,9fd28a5e464d33539e38bea869d56a7a9a1f0aac0218752035ffe464b23a5e68,4,22323,1784293732.4583702,1784293838.0810566,1784293838.0810566,200,8665,645,,response,,,105.6226863861084,,,False,0.051892757415771484,1348.0,True,False,False,1,False,,1,root,2,16039,0.7184966178381041,1784293728.316,0.6882501579279848,0,21,0,0.0,1108306,33978.0,89326,1125.0,0.9586919104991394,,969952,27312.0,,2.8076209227243965,,,,,,,,,,,,vllm
889b9bf3-4a39-4fab-9566-5ff860caab71,agent-lambda02-500s,sympy__sympy-13915,sympy__sympy-13915,9f66cf0ab31b1cb6c4578ea6f64cfd348255adab7f3e0dfbc67e700ba41ace4f,agentic,header,1,proxy,Qwen/Qwen3-32B-FP8,False,/v1/chat/completions,92b8bfc46314269dbb43a924bd3e8c4994570cc6cabee411d8c0c8baf21a4f68,0d9b6b6a3ebfdbfb2466a52536cf2bd700feb08c7974738b063c4f78899bc46d,9f66cf0ab31b1cb6c4578ea6f64cfd348255adab7f3e0dfbc67e700ba41ace4f,4,22365,1784293734.7216287,1784293842.5344012,1784293842.5344012,200,9016,645,,response,,,107.81277251243591,,,False,0.06072688102722168,1616.0,True,False,False,1,False,,1,root,2,16126,0.7210373351218422,1784293733.316,0.7536323436512951,0,22,0,0.0,1121365,13059.0,90881,1555.0,0.9997702733746842,,983008,13056.0,,0.3239731788635538,,,,,,,,,,,,vllm
f17cebe4-0856-4f2f-ae3b-30920af9a1bf,agent-lambda02-500s,sphinx-doc__sphinx-7975,sphinx-doc__sphinx-7975,3f0f1cfc934182e9565e2908cb1168ae0786bcdd9a34b6678697ba3fa0ecdfa4,agentic,header,3,proxy,Qwen/Qwen3-32B-FP8,False,/v1/chat/completions,e99ced419474f296ca1284accf83eda8fdd38837d1f92bb74567ba2d742f9fc2,c6bdd100be8f02ca8c12d046f67555ab9d3b5660c84b9bbba62220be88281039,3f0f1cfc934182e9565e2908cb1168ae0786bcdd9a34b6678697ba3fa0ecdfa4,4,19928,1784293734.9370399,1784293860.0023494,1784293860.0023494,200,8044,715,,response,,,125.06530952453613,,,False,-6.585163593292236,-278.0,True,False,False,1,True,278.0,1,root,2,15888,0.7972701726214372,1784293733.316,0.7536323436512951,0,22,0,0.0,1121365,13059.0,90881,1555.0,0.9997702733746842,,983008,13056.0,,0.3239731788635538,,,,,,,,,,,,vllm
6927934e-cb07-4519-a6a6-f204ae70e0b0,agent-lambda02-500s,sphinx-doc__sphinx-8282,sphinx-doc__sphinx-8282,73cc6bea6208dc3ced916adb821c5316f9e65349b2069add19105afe16b79897,agentic,header,4,proxy,Qwen/Qwen3-32B-FP8,False,/v1/chat/completions,1050a9ad8b6687bfd22b266a81c4d753f088a40a7110b19b4a6f60ff69f1815a,076afffc7c262d37cce5d95c91f4c7f798fea447f7a0a44d200a715d075d321c,73cc6bea6208dc3ced916adb821c5316f9e65349b2069add19105afe16b79897,6,23713,1784293736.0408223,1784293802.5793777,1784293802.5793777,200,8842,518,,response,,,66.53855538368225,,,False,0.05950355529785156,748.0,True,False,False,1,False,,1,root,2,16319,0.6881879138025555,1784293733.316,0.7536323436512951,0,22,0,0.0,1121365,13059.0,90881,1555.0,0.9997702733746842,,983008,13056.0,,0.3239731788635538,,,,,,,,,,,,vllm
f9546b53-a15b-47aa-a5a3-ef087e66b724,agent-lambda02-500s,sphinx-doc__sphinx-7975,sphinx-doc__sphinx-7975,3f0f1cfc934182e9565e2908cb1168ae0786bcdd9a34b6678697ba3fa0ecdfa4,agentic,header,4,proxy,Qwen/Qwen3-32B-FP8,False,/v1/chat/completions,e16965a1a6c64ffbd1d5290ae7596d65e8a15d7ee1d2a143300e6983a4f13a96,38caa1bad9c3e84829f99cd6ca19852a3e9cbd331605348a79e4353b0852df52,3f0f1cfc934182e9565e2908cb1168ae0786bcdd9a34b6678697ba3fa0ecdfa4,6,36760,1784293743.0239365,1784293863.9781857,1784293863.9781857,200,12560,633,,response,,,120.95424914360046,,,False,-116.97841286659241,4516.0,True,False,False,1,False,,1,root,2,15888,0.432208922742111,1784293738.316,0.729943145925458,0,21,0,0.0,1179142,57777.0,92173,1292.0,0.993890302369455,,1040432,57424.0,2152.5,0.47063918113708497,6.411224603652954e-06,1.6724091358482838,60.82916756967703,,,,,,,,,vllm
ab5101fa-67d2-4957-80a1-02c1db1437d5,agent-lambda02-500s,pallets__flask-5063,pallets__flask-5063,083ae8c0e899ba99d2586dac9608748035e8b82069dfd5ebe663dfc77b900dc6,agentic,header,1,proxy,Qwen/Qwen3-32B-FP8,False,/v1/chat/completions,7857fbeec1dd20d65317e96cb596ea9f9e339884f46a9e8d2f5779e904f57679,26ac5fb84f0da8d7be828328864f72bdc589c21a7fcc622b92ce496ee0e99cf7,083ae8c0e899ba99d2586dac9608748035e8b82069dfd5ebe663dfc77b900dc6,4,22008,1784293749.5318015,1784293874.7041972,1784293874.7041972,200,8433,653,,response,,,125.17239570617676,,,False,0.09995412826538086,919.0,True,False,False,1,False,,1,root,2,17525,0.7963013449654671,1784293748.316,0.7215203200673825,0,19,0,0.0,1187984,0.0,94463,772.0,0.7044585987261146,,1049184,0.0,98.0,,5.1781535148620605e-06,0.29732587933541765,44.75579019635916,,,,,,,,,vllm
7dd40993-ac65-4bae-8b3d-1637cfb88d5b,agent-lambda02-500s,pylint-dev__pylint-7114,pylint-dev__pylint-7114,42dfa99f2a865ffd79d25667497b0093207645daa04ce22d48c14b19b526b92b,agentic,header,0,proxy,Qwen/Qwen3-32B-FP8,False,/v1/chat/completions,1d2da6d0569d145a76672d5d42cb581828ec69f47407eb003768aa6c8f9e493d,42dfa99f2a865ffd79d25667497b0093207645daa04ce22d48c14b19b526b92b,42dfa99f2a865ffd79d25667497b0093207645daa04ce22d48c14b19b526b92b,2,17242,1784293749.7198324,1784294000.7856748,1784294000.7856748,200,7700,1303,,response,,,251.06584239006042,,,False,,,False,True,False,1,False,,1,root,2,17242,1.0,1784293748.316,0.7215203200673825,0,19,0,0.0,1187984,0.0,94463,772.0,0.7044585987261146,,1049184,0.0,98.0,,5.1781535148620605e-06,0.29732587933541765,44.75579019635916,,,,,,,,,vllm
301566b1-d0e5-4d49-a6e3-6128bfc1eb4b,agent-lambda02-500s,scikit-learn__scikit-learn-11040,scikit-learn__scikit-learn-11040,1081a66b6544eddee169c3a8039e900650f69817eb9235f8cf75de9b809bb034,agentic,header,0,proxy,Qwen/Qwen3-32B-FP8,False,/v1/chat/completions,1d2da6d0569d145a76672d5d42cb581828ec69f47407eb003768aa6c8f9e493d,1081a66b6544eddee169c3a8039e900650f69817eb9235f8cf75de9b809bb034,1081a66b6544eddee169c3a8039e900650f69817eb9235f8cf75de9b809bb034,2,16185,1784293756.0949912,1784293915.526072,1784293915.526072,200,7340,824,,response,,,159.43108081817627,,,False,,,False,True,False,1,False,,1,root,2,16185,1.0,1784293753.316,0.7571067593177511,0,21,0,0.0,1216252,28268.0,95215,752.0,0.7607655502392344,,1071136,21952.0,2826.0,1.6131401856740315,6.891787052154541e-06,1.7204030901193619,78.95924308151007,,,,,,,,,vllm
c98f4f73-3594-4069-bc37-a727e616e79a,agent-lambda02-500s,astropy__astropy-14995,astropy__astropy-14995,b0467d3192bf7bc69370318e05919da10a8b2c800ed75c9d23fa26cd45819d1d,agentic,header,0,proxy,Qwen/Qwen3-32B-FP8,False,/v1/chat/completions,1d2da6d0569d145a76672d5d42cb581828ec69f47407eb003768aa6c8f9e493d,b0467d3192bf7bc69370318e05919da10a8b2c800ed75c9d23fa26cd45819d1d,b0467d3192bf7bc69370318e05919da10a8b2c800ed75c9d23fa26cd45819d1d,2,17981,1784293757.932949,1784293939.371156,1784293939.371156,200,7916,995,,response,,,181.43820691108704,,,False,,,False,True,False,1,False,,1,root,2,17981,1.0,1784293753.316,0.7571067593177511,0,21,0,0.0,1216252,28268.0,95215,752.0,0.7607655502392344,,1071136,21952.0,2826.0,1.6131401856740315,6.891787052154541e-06,1.7204030901193619,78.95924308151007,,,,,,,,,vllm
8ed99896-6b21-468a-8021-3e9e173ebed4,agent-lambda02-500s,sympy__sympy-17139,sympy__sympy-17139,53be2e4bd1f25a89cbbb1314b6394b5245ff0e24ea1447fb22aa656089392e78,agentic,header,0,proxy,Qwen/Qwen3-32B-FP8,False,/v1/chat/completions,1d2da6d0569d145a76672d5d42cb581828ec69f47407eb003768aa6c8f9e493d,53be2e4bd1f25a89cbbb1314b6394b5245ff0e24ea1447fb22aa656089392e78,53be2e4bd1f25a89cbbb1314b6394b5245ff0e24ea1447fb22aa656089392e78,2,17424,1784293761.171739,1784293881.4335086,1784293881.4335086,200,7835,614,,response,,,120.26176953315735,,,False,,,False,True,False,1,False,,1,root,2,17424,1.0,1784293758.316,0.7873236470835965,0,22,0,0.0,1231706,15454.0,95769,554.0,0.6045911787464534,,1080528,9392.0,,2.200838327407837,,,,,,,,,,,,vllm
8f9de283-5d0c-451f-932a-a2248329d530,agent-lambda02-500s,sympy__sympy-11400,sympy__sympy-11400,068bde7347f8500b3314f97f2bac7a09d413f310a3e736919aa3c1507ad33554,agentic,header,1,proxy,Qwen/Qwen3-32B-FP8,False,/v1/chat/completions,1d2da6d0569d145a76672d5d42cb581828ec69f47407eb003768aa6c8f9e493d,068bde7347f8500b3314f97f2bac7a09d413f310a3e736919aa3c1507ad33554,068bde7347f8500b3314f97f2bac7a09d413f310a3e736919aa3c1507ad33554,2,15736,1784293762.845648,1784293871.7308228,1784293871.7308228,200,7293,565,,response,,,108.88517475128174,,,False,-29.32359027862549,0.0,True,True,True,1,False,,1,root,2,15736,1.0,1784293758.316,0.7873236470835965,0,22,0,0.0,1231706,15454.0,95769,554.0,0.6045911787464534,,1080528,9392.0,,2.200838327407837,,,,,,,,,,,,vllm
4b64b5cc-d69d-4b2c-9f3e-3aaa44e649ae,agent-lambda02-500s,mwaskom__seaborn-3010,mwaskom__seaborn-3010,9d97fc0c697ec3aee5a3894be341bce114e3671ff7c93d493d26a2c1fbf7e726,agentic,header,0,proxy,Qwen/Qwen3-32B-FP8,False,/v1/chat/completions,1d2da6d0569d145a76672d5d42cb581828ec69f47407eb003768aa6c8f9e493d,9d97fc0c697ec3aee5a3894be341bce114e3671ff7c93d493d26a2c1fbf7e726,9d97fc0c697ec3aee5a3894be341bce114e3671ff7c93d493d26a2c1fbf7e726,2,19531,1784293769.3559015,1784293916.5263157,1784293916.5263157,200,8455,733,,response,,,147.17041420936584,,,False,,,False,True,False,1,False,,1,root,2,19531,1.0,1784293768.316,0.8560749631501369,0,26,0,0.0,1262090,15128.0,97184,986.0,0.7921734531993654,,1101904,11984.0,,1.6193135976791382,,,,,,,,,,,,vllm
6bd9e927-e715-4071-8b76-466fd1ee32a1,agent-lambda02-500s,sympy__sympy-15346,sympy__sympy-15346,35486e23462320f2ffa53f41de3facf997c2678e85f31383cefc3b2e81df8a23,agentic,header,0,proxy,Qwen/Qwen3-32B-FP8,False,/v1/chat/completions,1d2da6d0569d145a76672d5d42cb581828ec69f47407eb003768aa6c8f9e493d,35486e23462320f2ffa53f41de3facf997c2678e85f31383cefc3b2e81df8a23,35486e23462320f2ffa53f41de3facf997c2678e85f31383cefc3b2e81df8a23,2,16669,1784293770.5031068,1784294000.2070227,1784294000.2070227,200,7654,1154,,response,,,229.70391583442688,,,False,,,False,True,False,1,False,,1,root,2,16669,1.0,1784293768.316,0.8560749631501369,0,26,0,0.0,1262090,15128.0,97184,986.0,0.7921734531993654,,1101904,11984.0,,1.6193135976791382,,,,,,,,,,,,vllm
3d9a6d70-1d37-4add-b5cf-addf210d3487,agent-lambda02-500s,sympy__sympy-18087,sympy__sympy-18087,91cba3cac262cafe0ebfe338ca6662ef437f34cc053f9a037a74713320294be1,agentic,header,4,proxy,Qwen/Qwen3-32B-FP8,False,/v1/chat/completions,18a289110f770d171bb7de2fd872864b2d9c6dffb68bed5e43c7d376ba9f529b,8cf25f1009ee4002231601b0240af3a7364b4295c3cb81db8a8dbbb08e323690,91cba3cac262cafe0ebfe338ca6662ef437f34cc053f9a037a74713320294be1,10,27827,1784293772.2743363,1784293797.5724552,1784293797.5724552,200,10122,196,,response,,,25.298118829727173,,,False,31.981053352355957,456.0,True,False,False,1,False,,1,root,2,15726,0.5651345815215438,1784293768.316,0.8560749631501369,0,26,0,0.0,1262090,15128.0,97184,986.0,0.7921734531993654,,1101904,11984.0,,1.6193135976791382,,,,,,,,,,,,vllm
93fd748f-d11c-45d2-a68d-94574f11596d,agent-lambda02-500s,psf__requests-2148,psf__requests-2148,56eb8e5416bc5a0ffd270331a03bd17806f2490a9ad853e6ce4a24019621d308,agentic,header,0,proxy,Qwen/Qwen3-32B-FP8,False,/v1/chat/completions,1d2da6d0569d145a76672d5d42cb581828ec69f47407eb003768aa6c8f9e493d,56eb8e5416bc5a0ffd270331a03bd17806f2490a9ad853e6ce4a24019621d308,56eb8e5416bc5a0ffd270331a03bd17806f2490a9ad853e6ce4a24019621d308,2,17762,1784293777.4877005,1784293918.9725063,1784293918.9725063,200,7931,717,,response,,,141.48480582237244,,,False,,,False,True,False,1,False,,1,root,2,17762,1.0,1784293773.316,0.8791324489366182,0,27,0,0.0,1262090,0.0,98640,1456.0,0.5544648137196925,,1101904,0.0,,,,,,,,,,,,,,vllm
f211b014-293d-42dc-9b1f-5188e9d1cc0d,agent-lambda02-500s,pytest-dev__pytest-9359,pytest-dev__pytest-9359,a4748f3f5acb84e8b9e66733f3c7dbe0fb7527c7e9cb3efb909bc89f910d7ee7,agentic,header,0,proxy,Qwen/Qwen3-32B-FP8,False,/v1/chat/completions,1d2da6d0569d145a76672d5d42cb581828ec69f47407eb003768aa6c8f9e493d,a4748f3f5acb84e8b9e66733f3c7dbe0fb7527c7e9cb3efb909bc89f910d7ee7,a4748f3f5acb84e8b9e66733f3c7dbe0fb7527c7e9cb3efb909bc89f910d7ee7,2,19052,1784293779.4370193,1784293948.0987248,1784293948.0987248,200,8038,855,,response,,,168.661705493927,,,False,,,False,True,False,1,False,,1,root,2,19052,1.0,1784293778.316,0.94914718888187,0,29,0,0.0,1288321,26231.0,99154,514.0,0.8226822682268227,,1121216,19312.0,,2.791940132776896,,,,,,,,,,,,vllm
9200c0ac-d58f-473d-90ad-53a3ce061bb4,agent-lambda02-500s,sympy__sympy-20322,sympy__sympy-20322,777acaa20dd74a750e214a65c827e8afb86f4b9a9ac08bc96b475d2262818da3,agentic,header,1,proxy,Qwen/Qwen3-32B-FP8,False,/v1/chat/completions,4b8ef3dca5d82ce4387472dfbb848ef9be4543de4abc2995dcf730b4fa436da8,d7376c5ca264824da61cf89cf0448b9eaf1cb23ebf14e725f5bb23b72bfd7536,777acaa20dd74a750e214a65c827e8afb86f4b9a9ac08bc96b475d2262818da3,4,20369,1784293786.256873,1784294055.6920235,1784294055.6920235,200,8302,1341,,response,,,269.43515062332153,,,False,0.07926726341247559,873.0,True,False,False,1,False,,1,root,2,16103,0.790564092493495,1784293783.316,0.9895767530006316,0,31,0,0.0,1296252,7931.0,100055,901.0,0.5891414615818148,,1125920,4704.0,,2.4015684127807617,,,,,,,,,,,,vllm
2af72f74-c76f-4f02-876d-6fd9ef2a61b0,agent-lambda02-500s,sympy__sympy-13773,sympy__sympy-13773,9c67eeac4e11ec3ff4e503c7eb124f2586ea504af693a0d4c5b8fe5e2a8e51bd,agentic,header,1,proxy,Qwen/Qwen3-32B-FP8,False,/v1/chat/completions,2a7fdcd73566c4ab060e7278f60c8411b21f4ec8a9d9cf37034c1da899ce8a70,4e16fba43122592d828a7ba2e766138c2ebb895d79f34c909f65677787673007,9c67eeac4e11ec3ff4e503c7eb124f2586ea504af693a0d4c5b8fe5e2a8e51bd,4,26527,1784293792.9485478,1784293835.112839,1784293835.112839,200,9921,115,,response,,,42.16429114341736,,,False,0.07607269287109375,2526.0,True,False,False,1,False,,1,root,2,16112,0.6073811588193162,1784293788.316,0.9838913455464308,1,30,1,1.0,1304290,8038.0,101234,1179.0,,,1130624,4704.0,,2.8946452140808105,,,,,,,,,,,,vllm
20759196-5842-44f9-8365-7a081f192449,agent-lambda02-500s,matplotlib__matplotlib-25311,matplotlib__matplotlib-25311,0dcde25626ceeb599de52b94a02f5faf7b8c7a066fa8ff85e8fa5fbfd02a0e53,agentic,header,0,proxy,Qwen/Qwen3-32B-FP8,False,/v1/chat/completions,1d2da6d0569d145a76672d5d42cb581828ec69f47407eb003768aa6c8f9e493d,0dcde25626ceeb599de52b94a02f5faf7b8c7a066fa8ff85e8fa5fbfd02a0e53,0dcde25626ceeb599de52b94a02f5faf7b8c7a066fa8ff85e8fa5fbfd02a0e53,2,16438,1784293799.144066,1784293941.4870648,1784293941.4870648,200,7379,665,,response,,,142.34299874305725,,,False,,,False,True,False,1,False,,1,root,2,16438,1.0,1784293798.316,0.9821014950515898,1,29,1,0.0,1312592,8302.0,103766,1033.0,0.6664450170393151,,1135664,5040.0,1296.0,8.988524436950684,0.02932186797261238,1.576149705797441,139.83307003229856,,,,,,,,,vllm
38756d7e-be27-454d-a8a5-d9c532bb9f02,agent-lambda02-500s,sympy__sympy-18087,sympy__sympy-18087,91cba3cac262cafe0ebfe338ca6662ef437f34cc053f9a037a74713320294be1,agentic,header,5,proxy,Qwen/Qwen3-32B-FP8,False,/v1/chat/completions,b7420534752810456ff3729d29d482c66421d3d37cc2fcda3bb3fbc11be2c91f,84f1845a5dde3eec006890bb9aa3ea4901dfa3385de184e126e405064a1dde1b,91cba3cac262cafe0ebfe338ca6662ef437f34cc053f9a037a74713320294be1,12,30514,1784293800.5014894,1784293878.6430552,1784293878.6430552,200,10815,284,,response,,,78.14156579971313,,,False,2.9290342330932617,693.0,True,False,False,1,False,,1,root,2,15726,0.5153699941010683,1784293798.316,0.9821014950515898,1,29,1,0.0,1312592,8302.0,103766,1033.0,0.6664450170393151,,1135664,5040.0,1296.0,8.988524436950684,0.02932186797261238,1.576149705797441,139.83307003229856,,,,,,,,,vllm
632a9433-92a8-47e7-b6d0-ac907ddfb260,agent-lambda02-500s,sphinx-doc__sphinx-8282,sphinx-doc__sphinx-8282,73cc6bea6208dc3ced916adb821c5316f9e65349b2069add19105afe16b79897,agentic,header,5,proxy,Qwen/Qwen3-32B-FP8,False,/v1/chat/completions,30dfba3971d85f02a36c63a8222f0733494474978f2adfa2ffac532f8fc774d7,0da607bbda98d8d8aaed7f6affa154f01b500300d685bec77baf3e1bb5f1a8b1,73cc6bea6208dc3ced916adb821c5316f9e65349b2069add19105afe16b79897,8,26559,1784293803.564692,1784293927.131979,1784293927.131979,200,9450,543,,response,,,123.5672869682312,,,False,0.9853143692016602,608.0,True,False,False,1,False,,1,root,2,16319,0.6144433148838435,1784293803.316,0.9864181933038536,1,29,1,0.0,1322513,9921.0,104808,1042.0,0.6933927471079799,,1142304,6640.0,202.0,7.073213100433321,6.236135959625244e-06,1.192422665655613,23.09019260108471,,,,,,,,,vllm
4aa72f11-0bf7-4d8a-858c-7b3ec863829d,agent-lambda02-500s,django__django-13401,django__django-13401,bf422fe10e68a1964e9fead9857e59cde355971d233f1eebef9bfcb6af58c434,agentic,header,1,proxy,Qwen/Qwen3-32B-FP8,False,/v1/chat/completions,1d2da6d0569d145a76672d5d42cb581828ec69f47407eb003768aa6c8f9e493d,bf422fe10e68a1964e9fead9857e59cde355971d233f1eebef9bfcb6af58c434,bf422fe10e68a1964e9fead9857e59cde355971d233f1eebef9bfcb6af58c434,2,16657,1784293804.744825,1784294032.943078,1784294032.943078,200,7447,1114,,response,,,228.19825315475464,,,False,,,False,True,False,1,False,,1,root,2,16657,1.0,1784293803.316,0.9864181933038536,1,29,1,0.0,1322513,9921.0,104808,1042.0,0.6933927471079799,,1142304,6640.0,202.0,7.073213100433321,6.236135959625244e-06,1.192422665655613,23.09019260108471,,,,,,,,,vllm
cdb8e83b-91bb-4f65-b2c7-dd03fbc5ff99,agent-lambda02-500s,sympy__sympy-18621,sympy__sympy-18621,f26fffd828930a9eb413b4d84b6db880935093ee7b5635fcb23cd531cc730a1d,agentic,header,4,proxy,Qwen/Qwen3-32B-FP8,False,/v1/chat/completions,a110b336119437e3a5fdfe89d4bd85a3e1ad849aed364c256c56939585e568c6,146bd165311a79a0b5210649687d3a89fb734b0ae0be576bb7c4f582dee9d781,f26fffd828930a9eb413b4d84b6db880935093ee7b5635fcb23cd531cc730a1d,10,49230,1784293804.8262208,1784293906.1428978,1784293906.1428978,200,16712,394,,response,,,101.31667709350586,,,False,0.047638893127441406,684.0,True,False,False,1,False,,1,root,2,17617,0.3578509039203738,1784293803.316,0.9864181933038536,1,29,1,0.0,1322513,9921.0,104808,1042.0,0.6933927471079799,,1142304,6640.0,202.0,7.073213100433321,6.236135959625244e-06,1.192422665655613,23.09019260108471,,,,,,,,,vllm
8ae2172b-1098-4043-8d64-e8a770c2a3ff,agent-lambda02-500s,sympy__sympy-12171,sympy__sympy-12171,23a1fd154e1f7fe9a4e0d03ec11f6b202c2cf5cddefd3598b2926f5c2b5fe0aa,agentic,header,4,proxy,Qwen/Qwen3-32B-FP8,False,/v1/chat/completions,079a488122e41f9c977bba4930e2319ae0f7d339e1276d7e66bd7236c4aeb89f,a2509571e631014cf144cf58d19915ec89887d5524402a6ac1ea5e51495c1434,23a1fd154e1f7fe9a4e0d03ec11f6b202c2cf5cddefd3598b2926f5c2b5fe0aa,10,28292,1784293815.0513587,1784293949.5072138,1784293949.5072138,200,10118,650,,response,,,134.4558551311493,,,False,0.06882452964782715,822.0,True,False,False,1,False,,1,root,2,16051,0.5673335218436307,1784293813.316,0.9687302590018952,3,31,1,0.0,1340707,10815.0,105875,113.0,0.5567852281470084,,1151712,4704.0,,9.73456645011899,,,,,,,,,,,,vllm
de73c6b1-9597-49af-8273-277740a3947b,agent-lambda02-500s,sympy__sympy-11897,sympy__sympy-11897,bb5fea3fa54e1a5cc7b43310dec7346fe857bf6b57f8c4fc6965baa8673488f4,agentic,header,0,proxy,Qwen/Qwen3-32B-FP8,False,/v1/chat/completions,1d2da6d0569d145a76672d5d42cb581828ec69f47407eb003768aa6c8f9e493d,bb5fea3fa54e1a5cc7b43310dec7346fe857bf6b57f8c4fc6965baa8673488f4,bb5fea3fa54e1a5cc7b43310dec7346fe857bf6b57f8c4fc6965baa8673488f4,2,16072,1784293815.7673635,1784294027.4151723,1784294027.4151723,200,7392,1040,,response,,,211.6478087902069,,,False,,,False,True,False,1,False,,1,root,2,16072,1.0,1784293813.316,0.9687302590018952,3,31,1,0.0,1340707,10815.0,105875,113.0,0.5567852281470084,,1151712,4704.0,,9.73456645011899,,,,,,,,,,,,vllm
f79d8386-cd79-4bd0-96d7-8d6c707868fa,agent-lambda02-500s,psf__requests-2317,psf__requests-2317,3846717111b46438dc2440889a3de3f17a616e96091939b11e7160cff1b5b1f8,agentic,header,0,proxy,Qwen/Qwen3-32B-FP8,False,/v1/chat/completions,1d2da6d0569d145a76672d5d42cb581828ec69f47407eb003768aa6c8f9e493d,3846717111b46438dc2440889a3de3f17a616e96091939b11e7160cff1b5b1f8,3846717111b46438dc2440889a3de3f17a616e96091939b11e7160cff1b5b1f8,2,16261,1784293817.2200556,1784294101.719335,1784294101.719335,200,7380,1412,,response,,,284.49927949905396,,,False,,,False,True,False,1,False,,1,root,2,16261,1.0,1784293813.316,0.9687302590018952,3,31,1,0.0,1340707,10815.0,105875,113.0,0.5567852281470084,,1151712,4704.0,,9.73456645011899,,,,,,,,,,,,vllm
2a0829da-abcf-4b28-9ee3-26f5e59fc817,agent-lambda02-500s,matplotlib__matplotlib-25442,matplotlib__matplotlib-25442,2981da5c3224251f30ac7c52e1715a5abb3e07e85f01b92e1df42f1816015fc5,agentic,header,0,proxy,Qwen/Qwen3-32B-FP8,False,/v1/chat/completions,1d2da6d0569d145a76672d5d42cb581828ec69f47407eb003768aa6c8f9e493d,2981da5c3224251f30ac7c52e1715a5abb3e07e85f01b92e1df42f1816015fc5,2981da5c3224251f30ac7c52e1715a5abb3e07e85f01b92e1df42f1816015fc5,2,17478,1784293818.2266157,1784293946.7032783,1784293946.7032783,200,7691,609,,response,,,128.47666263580322,,,False,,,False,True,False,1,False,,1,root,2,17478,1.0,1784293813.316,0.9687302590018952,3,31,1,0.0,1340707,10815.0,105875,113.0,0.5567852281470084,,1151712,4704.0,,9.73456645011899,,,,,,,,,,,,vllm
2080f04d-13f6-4e52-87be-9878b93e973d,agent-lambda02-500s,scikit-learn__scikit-learn-10508,scikit-learn__scikit-learn-10508,fd1cbaade3f7b8e2cabad3f62d25114c8e9e6529282cffd966128391a78edd8b,agentic,header,4,proxy,Qwen/Qwen3-32B-FP8,False,/v1/chat/completions,8a92b7ca3bea3e3114b9fc5595b3ec364344e36017a2b68758fa768723b123ff,1c2fd091ccad558ad6d7f142eaa69edb4248da81be62a509509877a01b8fc487,fd1cbaade3f7b8e2cabad3f62d25114c8e9e6529282cffd966128391a78edd8b,10,51536,1784293818.3919342,1784293977.6084254,1784293977.6084254,200,16796,726,,response,,,159.2164912223816,,,False,0.08632087707519531,772.0,True,False,False,1,False,,1,root,2,17156,0.3328935113318845,1784293818.316,0.9734680985470624,2,31,1,0.0,1357604,16897.0,106337,462.0,0.6508024349750968,,1161120,9408.0,384.0,10.220032095909104,5.826354026794434e-06,0.5026198625564433,91.15896272659302,,,,,,,,,vllm
3378a224-c578-4675-a99a-1bfb5f038aa6,agent-lambda02-500s,sympy__sympy-13177,sympy__sympy-13177,5765d15a7305e496a05c65b5f3eca4381f5c1934da1f2b3a15db50d94b848eb0,agentic,header,0,proxy,Qwen/Qwen3-32B-FP8,False,/v1/chat/completions,1d2da6d0569d145a76672d5d42cb581828ec69f47407eb003768aa6c8f9e493d,5765d15a7305e496a05c65b5f3eca4381f5c1934da1f2b3a15db50d94b848eb0,5765d15a7305e496a05c65b5f3eca4381f5c1934da1f2b3a15db50d94b848eb0,2,15830,1784293824.1516638,1784293981.4016342,1784293981.4016342,200,7310,729,,response,,,157.2499704360962,,,False,,,False,True,False,1,False,,1,root,2,15830,1.0,1784293823.316,0.9286165508528113,4,32,1,0.0,1372279,14675.0,106973,636.0,0.2979183014078006,,1173264,12144.0,152.0,12.625862598419204,4.403293132781982e-06,0.3964755907654762,86.94656153768301,,,,,,,,,vllm
c4217e83-4581-4276-afbb-24cc9ce5ab8f,agent-lambda02-500s,sphinx-doc__sphinx-8627,sphinx-doc__sphinx-8627,6c23973015debd3d2274c481a9d299ad6ab8140f50936424d47008ccd4e1f096,agentic,header,1,proxy,Qwen/Qwen3-32B-FP8,False,/v1/chat/completions,c5d728764bb6bb9e91878024212b1a022f9f56918edb25247ec2a814e29df1a4,334fc0d789f7a459ecbfdef88f52d57499f3970cf9518d725be8e35c3086f90b,6c23973015debd3d2274c481a9d299ad6ab8140f50936424d47008ccd4e1f096,4,22338,1784293827.635149,1784293969.8019576,1784293969.8019576,200,8604,646,,response,,,142.1668086051941,,,False,0.06038260459899902,1099.0,True,False,False,1,False,,1,root,2,16880,0.7556629957919241,1784293823.316,0.9286165508528113,4,32,1,0.0,1372279,14675.0,106973,636.0,0.2979183014078006,,1173264,12144.0,152.0,12.625862598419204,4.403293132781982e-06,0.3964755907654762,86.94656153768301,,,,,,,,,vllm
17981977-5237-494d-ab57-e1b20fefb23e,agent-lambda02-500s,scikit-learn__scikit-learn-25500,scikit-learn__scikit-learn-25500,9dddb01ef2c1a29ee615510264ff00cfe7f3401dbb01fdb28ff5c458f860098c,agentic,header,1,proxy,Qwen/Qwen3-32B-FP8,False,/v1/chat/completions,ef92122d8ae359065a6112c427b81590a047cf6b39d4652ea9c87a558bdb1470,80e0d1f618e827f26db0aca2ff638a3cabf9261969d3976829546ee85f439a0b,9dddb01ef2c1a29ee615510264ff00cfe7f3401dbb01fdb28ff5c458f860098c,4,25332,1784293832.6667082,1784293968.395,1784293968.395,200,9513,612,,response,,,135.72829174995422,,,False,0.0655202865600586,1009.0,True,False,False,1,False,,1,root,2,20311,0.801792199589452,1784293828.316,0.9692566856180248,5,32,1,0.0,1372279,0.0,107066,93.0,,,1173264,0.0,,,,,,,,,,,,,,vllm
140d5a8b-99da-4c3b-af42-153170a57bf8,agent-lambda02-500s,sympy__sympy-12481,sympy__sympy-12481,b419e68ecdbc62a1cacf761334a4fff7c0d326685c4bdbc97103738c3365f315,agentic,header,0,proxy,Qwen/Qwen3-32B-FP8,False,/v1/chat/completions,1d2da6d0569d145a76672d5d42cb581828ec69f47407eb003768aa6c8f9e493d,b419e68ecdbc62a1cacf761334a4fff7c0d326685c4bdbc97103738c3365f315,b419e68ecdbc62a1cacf761334a4fff7c0d326685c4bdbc97103738c3365f315,2,15811,1784293833.7335505,1784294061.168114,1784294061.168114,200,7258,1034,,response,,,227.4345633983612,,,False,,,False,True,False,1,False,,1,root,2,15811,1.0,1784293833.316,0.9850494841019162,6,32,1,0.0,1388991,16712.0,107383,317.0,0.46491401462739673,,1177968,4704.0,2801.0,22.228657722473145,5.997717380523682e-06,1.7636765167117119,139.33607707172632,,,,,,,,,vllm
29098537-8387-4f8e-951c-29badfc0909e,agent-lambda02-500s,matplotlib__matplotlib-23476,matplotlib__matplotlib-23476,9dfced0630bc24be9ad9cc2409512070bd0964b16973dab7ee8956c8fe5c98d3,agentic,header,0,proxy,Qwen/Qwen3-32B-FP8,False,/v1/chat/completions,1d2da6d0569d145a76672d5d42cb581828ec69f47407eb003768aa6c8f9e493d,9dfced0630bc24be9ad9cc2409512070bd0964b16973dab7ee8956c8fe5c98d3,9dfced0630bc24be9ad9cc2409512070bd0964b16973dab7ee8956c8fe5c98d3,2,18967,1784293834.2294858,1784294054.5580206,1784294054.5580206,200,8411,996,,response,,,220.32853484153748,,,False,,,False,True,False,1,False,,1,root,2,18967,1.0,1784293833.316,0.9850494841019162,6,32,1,0.0,1388991,16712.0,107383,317.0,0.46491401462739673,,1177968,4704.0,2801.0,22.228657722473145,5.997717380523682e-06,1.7636765167117119,139.33607707172632,,,,,,,,,vllm
8d00dbb9-a8ed-49be-970e-617097edfe26,agent-lambda02-500s,sympy__sympy-24066,sympy__sympy-24066,9fd28a5e464d33539e38bea869d56a7a9a1f0aac0218752035ffe464b23a5e68,agentic,header,2,proxy,Qwen/Qwen3-32B-FP8,False,/v1/chat/completions,12cdbe7d363c8128683c5e006ab66ebf2c03f44e06c7dfc1ccd895b1e9722ffe,ea3d215d1a98ba24515cced34eaa7a70be2a4db9216ddd2076bef91a844c3192,9fd28a5e464d33539e38bea869d56a7a9a1f0aac0218752035ffe464b23a5e68,6,43163,1784293838.1768115,1784293982.4644663,1784293982.4644663,200,15303,561,,response,,,144.28765487670898,,,False,0.09575486183166504,6638.0,True,False,False,1,False,,1,root,2,16039,0.37159140930889883,1784293833.316,0.9850494841019162,6,32,1,0.0,1388991,16712.0,107383,317.0,0.46491401462739673,,1177968,4704.0,2801.0,22.228657722473145,5.997717380523682e-06,1.7636765167117119,139.33607707172632,,,,,,,,,vllm
6d1b798f-7be4-4181-8aa9-8cf4f5b3450a,agent-lambda02-500s,matplotlib__matplotlib-26020,matplotlib__matplotlib-26020,5713bf2e1fa2721b261e2b3fd78ae367f7452bc1c002d7cbb424418104835f3a,agentic,header,1,proxy,Qwen/Qwen3-32B-FP8,False,/v1/chat/completions,ce04f40e1e6e0a6d791032f3a811336a987992828ff3863af3696019a4a13183,75936c953183215ddda64728a8a56d530b8c8389eb63272c801c738789f6a37d,5713bf2e1fa2721b261e2b3fd78ae367f7452bc1c002d7cbb424418104835f3a,4,38893,1784293841.1848533,1784294096.0336797,1784294096.0336797,200,13798,993,,response,,,254.84882640838623,,,False,0.06215357780456543,739.0,True,False,False,1,False,,1,root,2,35290,0.9073612218136939,1784293838.316,0.9632554221941462,8,32,1,0.0,1406501,17510.0,108147,764.0,0.6367081754195993,,1187376,9408.0,3540.5,17.67475402355194,1.562810454517603,2.7227943688631058,81.59510914236307,,,,,,,,,vllm
f608002f-74bf-4643-9d40-be96e47f0a70,agent-lambda02-500s,sympy__sympy-24152,sympy__sympy-24152,8285789640b62db848cbf46b859b8d53cb4b0e994d6e28982917e9ed55b5be97,agentic,header,0,proxy,Qwen/Qwen3-32B-FP8,False,/v1/chat/completions,1d2da6d0569d145a76672d5d42cb581828ec69f47407eb003768aa6c8f9e493d,8285789640b62db848cbf46b859b8d53cb4b0e994d6e28982917e9ed55b5be97,8285789640b62db848cbf46b859b8d53cb4b0e994d6e28982917e9ed55b5be97,2,17806,1784293853.518268,1784294029.0471737,1784294029.0471737,200,7713,695,,response,,,175.5289056301117,,,False,,,False,True,False,1,False,,1,root,2,17806,1.0,1784293853.316,0.9647294167193092,7,32,1,0.0,1438368,16796.0,109255,91.0,0.6435020519835841,,1201488,4704.0,,31.499786853790283,,,,,,,,,,,,vllm
c151b19d-9558-470a-a59e-dc0b438420df,agent-lambda02-500s,sphinx-doc__sphinx-7975,sphinx-doc__sphinx-7975,3f0f1cfc934182e9565e2908cb1168ae0786bcdd9a34b6678697ba3fa0ecdfa4,agentic,header,5,proxy,Qwen/Qwen3-32B-FP8,False,/v1/chat/completions,a9c7d43b3c2ee0b5683c0d3d7e4787f945e66f6468ecba670b653b2be3ebdecd,2c9b88eb6035fb3f77481b97b72c2018572e0928287577274c02c216f1ec81a2,3f0f1cfc934182e9565e2908cb1168ae0786bcdd9a34b6678697ba3fa0ecdfa4,6,26627,1784293860.2355282,1784294003.4778666,1784294003.4778666,200,9790,513,,response,,,143.24233841896057,,,False,-3.742657423019409,-2770.0,True,False,False,1,True,2770.0,1,root,2,15888,0.5966875727644871,1784293858.316,0.9978942935354812,7,34,1,0.0,1461622,23254.0,109758,503.0,0.5241918732496258,,1218224,16736.0,,26.761614243189495,,,,,,,,,,,,vllm
1ad65c24-18a6-4e14-8cc0-d4514f92a570,agent-lambda02-500s,sphinx-doc__sphinx-7975,sphinx-doc__sphinx-7975,3f0f1cfc934182e9565e2908cb1168ae0786bcdd9a34b6678697ba3fa0ecdfa4,agentic,header,6,proxy,Qwen/Qwen3-32B-FP8,False,/v1/chat/completions,bfe4f43c5fc3fe4373f523149044fff9179c8e0b614d09d262cef192d1b446f8,b071db2af09809d53d80898badbb80f8f6fdaac55ecc71c5222960ce96a0016b,3f0f1cfc934182e9565e2908cb1168ae0786bcdd9a34b6678697ba3fa0ecdfa4,8,47610,1784293864.049354,1784294048.74359,1784294048.74359,200,15594,735,,response,,,184.69423604011536,,,False,-139.4285125732422,5804.0,True,False,False,1,False,,1,root,2,15888,0.3337114051669817,1784293863.316,0.9995788587070964,7,33,3,2.0,1461622,0.0,111476,1718.0,0.49448123620309054,,1218224,0.0,28.0,,5.893409250390391e-06,0.29946712404488096,124.60966856032701,,,,,,,,,vllm
90bc13f3-b803-44c2-8a5b-9ad42eef36b6,agent-lambda02-500s,pytest-dev__pytest-5692,pytest-dev__pytest-5692,e19ecd9053549322bbc132fcb45ad24cbe15763970e5c331ac882eba6c8a5fb9,agentic,header,0,proxy,Qwen/Qwen3-32B-FP8,False,/v1/chat/completions,1d2da6d0569d145a76672d5d42cb581828ec69f47407eb003768aa6c8f9e493d,e19ecd9053549322bbc132fcb45ad24cbe15763970e5c331ac882eba6c8a5fb9,e19ecd9053549322bbc132fcb45ad24cbe15763970e5c331ac882eba6c8a5fb9,2,16796,1784293871.8882911,1784294087.0986235,1784294087.0986235,200,7542,861,,response,,,215.21033239364624,,,False,,,False,True,False,1,False,,1,root,2,16796,1.0,1784293868.316,0.9710465361128658,7,33,5,2.0,1461622,0.0,112601,1125.0,0.49448123620309054,,1218224,0.0,3712.0,,5.766749382019043e-06,2.594335801899433,118.29582519084124,,,,,,,,,vllm
d263689b-6fd5-4f16-991c-a512ca47b9b3,agent-lambda02-500s,django__django-14608,django__django-14608,52a5ce3b29c2b5fe8403bf65442ede8932911e845a3b35a7058a6a859de90544,agentic,header,0,proxy,Qwen/Qwen3-32B-FP8,False,/v1/chat/completions,1d2da6d0569d145a76672d5d42cb581828ec69f47407eb003768aa6c8f9e493d,52a5ce3b29c2b5fe8403bf65442ede8932911e845a3b35a7058a6a859de90544,52a5ce3b29c2b5fe8403bf65442ede8932911e845a3b35a7058a6a859de90544,2,16013,1784293873.00065,1784294099.0671468,1784294099.0671468,200,7300,838,,response,,,226.06649684906006,,,False,,,False,True,False,1,False,,1,root,2,16013,1.0,1784293868.316,0.9710465361128658,7,33,5,2.0,1461622,0.0,112601,1125.0,0.49448123620309054,,1218224,0.0,3712.0,,5.766749382019043e-06,2.594335801899433,118.29582519084124,,,,,,,,,vllm
ac2078ff-a1f0-4a9b-901a-ec80880391dd,agent-lambda02-500s,pallets__flask-5063,pallets__flask-5063,083ae8c0e899ba99d2586dac9608748035e8b82069dfd5ebe663dfc77b900dc6,agentic,header,2,proxy,Qwen/Qwen3-32B-FP8,False,/v1/chat/completions,442d99e07e84bf30318d96751ec7910c1fdabec34e1939c730ab18c7083ae7a9,ee6c5ba3a52866ace43f04b8e1ee13ff0bc85fe3d39c40ed52f75963e0077dfb,083ae8c0e899ba99d2586dac9608748035e8b82069dfd5ebe663dfc77b900dc6,6,25464,1784293874.7502718,1784294021.494053,1784294021.494053,200,9178,403,,response,,,146.74378108978271,,,False,0.046074628829956055,745.0,True,False,False,1,False,,1,root,2,17525,0.6882265158655356,1784293873.316,0.9856811960412718,8,33,5,0.0,1471135,9513.0,113062,461.0,0.6481124276660237,,1222928,4704.0,,35.5131459236145,,,,,,,,,,,,vllm
fd7af7c8-505b-4912-b08f-9d7bae0fdb00,agent-lambda02-500s,sympy__sympy-13773,sympy__sympy-13773,9c67eeac4e11ec3ff4e503c7eb124f2586ea504af693a0d4c5b8fe5e2a8e51bd,agentic,header,2,proxy,Qwen/Qwen3-32B-FP8,False,/v1/chat/completions,8dcab1ee69127e14ef8accb8c4a6664e61252cccc1e5ae879ddd3e7fd10f9de6,60a18c78a69f860f02863f6f8efdb3aac3032305afff01f7e1d4f56084d477c5,9c67eeac4e11ec3ff4e503c7eb124f2586ea504af693a0d4c5b8fe5e2a8e51bd,6,27809,1784293876.0304806,1784294008.031617,1784294008.031617,200,10189,307,,response,,,132.001136302948,,,False,40.91764163970947,268.0,True,False,False,1,False,,1,root,2,16112,0.5793807760077673,1784293873.316,0.9856811960412718,8,33,5,0.0,1471135,9513.0,113062,461.0,0.6481124276660237,,1222928,4704.0,,35.5131459236145,,,,,,,,,,,,vllm
f8ba5cab-85f6-475c-b9ba-1b456d11ae27,agent-lambda02-500s,pytest-dev__pytest-7220,pytest-dev__pytest-7220,1ea1008bfbc20fa5268966ecdc500e2a7dd25ee28449a4464fda742adcfc9300,agentic,header,1,proxy,Qwen/Qwen3-32B-FP8,False,/v1/chat/completions,17a8b2232fd946b444c1e41aaf641998d05247b10d8d609140c34d1583cdd611,57cf25e840876094e0dfe39ffaf6cbe70cadbaaa7ccaed8a3b8c92116e8639e5,1ea1008bfbc20fa5268966ecdc500e2a7dd25ee28449a4464fda742adcfc9300,4,24532,1784293877.7061844,1784294086.120225,1784294086.120225,200,9069,618,,response,,,208.41404056549072,,,False,0.07867074012756348,1259.0,True,False,False,1,False,,1,root,2,18233,0.7432333278982554,1784293873.316,0.9856811960412718,8,33,5,0.0,1471135,9513.0,113062,461.0,0.6481124276660237,,1222928,4704.0,,35.5131459236145,,,,,,,,,,,,vllm
b57b9ce9-4af1-443e-bd17-243cb705a393,agent-lambda02-500s,sympy__sympy-18087,sympy__sympy-18087,91cba3cac262cafe0ebfe338ca6662ef437f34cc053f9a037a74713320294be1,agentic,header,6,proxy,Qwen/Qwen3-32B-FP8,False,/v1/chat/completions,88bbffb90f834f15547a62b3193606ad00f2cf11c1e6765d759d643de262ddc8,a68771ecf408ccc549c3b4527c434e3623015666fba4ac162c0e62df79f51f90,91cba3cac262cafe0ebfe338ca6662ef437f34cc053f9a037a74713320294be1,14,33355,1784293879.874222,1784294037.443829,1784294037.443829,200,11553,356,,response,,,157.56960701942444,,,False,1.2311668395996094,738.0,True,False,False,1,False,,1,root,2,15726,0.4714735421975716,1784293878.316,0.974731522425774,8,33,6,1.0,1478393,7258.0,114413,1351.0,0.5592676257282131,,1229312,6384.0,23.0,38.86397099494934,5.412846803665161e-06,0.324413511902101,116.37962977960706,,,,,,,,,vllm
bdc7125f-7968-4da8-badc-46b043a9bbeb,agent-lambda02-500s,sympy__sympy-13437,sympy__sympy-13437,6f8293ffb4ea016b8049e90d07522590564df2634f220fceffd7c8212d058d8f,agentic,header,0,proxy,Qwen/Qwen3-32B-FP8,False,/v1/chat/completions,1d2da6d0569d145a76672d5d42cb581828ec69f47407eb003768aa6c8f9e493d,6f8293ffb4ea016b8049e90d07522590564df2634f220fceffd7c8212d058d8f,6f8293ffb4ea016b8049e90d07522590564df2634f220fceffd7c8212d058d8f,2,16026,1784293880.8283288,1784294070.584943,1784294070.584943,200,7322,517,,response,,,189.75661420822144,,,False,,,False,True,False,1,False,,1,root,2,16026,1.0,1784293878.316,0.974731522425774,8,33,6,1.0,1478393,7258.0,114413,1351.0,0.5592676257282131,,1229312,6384.0,23.0,38.86397099494934,5.412846803665161e-06,0.324413511902101,116.37962977960706,,,,,,,,,vllm
742a4438-9a51-4b77-a018-b0ca100635b1,agent-lambda02-500s,sympy__sympy-17139,sympy__sympy-17139,53be2e4bd1f25a89cbbb1314b6394b5245ff0e24ea1447fb22aa656089392e78,agentic,header,1,proxy,Qwen/Qwen3-32B-FP8,False,/v1/chat/completions,9cd08895dbb92d202e657b3dea2d51a12a63d11dda1a64dc08536ba9bbf0d880,a6746d0803e38948a57453a7359c912ec36a581859d731ef17075c23f3dedfd9,53be2e4bd1f25a89cbbb1314b6394b5245ff0e24ea1447fb22aa656089392e78,4,20559,1784293881.486588,1784294064.768801,1784294064.768801,200,8513,450,,response,,,183.282212972641,,,False,0.05307936668395996,678.0,True,False,False,1,False,,1,root,2,17424,0.8475120385232745,1784293878.316,0.974731522425774,8,33,6,1.0,1478393,7258.0,114413,1351.0,0.5592676257282131,,1229312,6384.0,23.0,38.86397099494934,5.412846803665161e-06,0.324413511902101,116.37962977960706,,,,,,,,,vllm
1b9ce113-2369-4490-82e4-3888686e8b7f,agent-lambda02-500s,psf__requests-1963,psf__requests-1963,6a8a6f8ab4010bdb88f9ca312b5f638238ae2aabbcff501b6c0033732a4e8525,agentic,header,3,proxy,Qwen/Qwen3-32B-FP8,False,/v1/chat/completions,e800773faf8141ce9146db694c1a17ed0fe253a78895e7c1b17c3ac463a527d1,53ef3d094c2f8e9aa1945fde4aa84ecf1cbbea7556360cb25a916ed8e6043653,6a8a6f8ab4010bdb88f9ca312b5f638238ae2aabbcff501b6c0033732a4e8525,8,51603,1784293897.5254364,1784294077.8845499,1784294077.8845499,200,16362,513,,response,,,180.35911345481873,,,False,0.12219929695129395,1346.0,True,False,False,1,False,,1,root,2,16095,0.3119004709028545,1784293893.316,0.9754685196883556,15,31,6,0.0,1502107,15303.0,116694,1580.0,0.3409189737643137,,1238720,4704.0,,48.30826711654663,,,,,,,,,,,,vllm
4e2e8be7-037c-41c5-ab1d-f149173329ae,agent-lambda02-500s,sympy__sympy-18621,sympy__sympy-18621,f26fffd828930a9eb413b4d84b6db880935093ee7b5635fcb23cd531cc730a1d,agentic,header,5,proxy,Qwen/Qwen3-32B-FP8,False,/v1/chat/completions,054dc37e2c31f0f67fc37f3a8e8c40d0992feb6250d746ba005fed3d88731fbd,dfb60caa5e31106ba8631f22e120dc461a283e5e09d89f8c49abdf3d823d8413,f26fffd828930a9eb413b4d84b6db880935093ee7b5635fcb23cd531cc730a1d,12,51364,1784293906.4116619,1784294101.8919861,1784294101.8919861,200,17188,473,,response,,,195.48032426834106,,,False,0.26876401901245117,476.0,True,False,False,1,False,,1,root,2,17617,0.34298341250681413,1784293903.316,0.9576753000631713,17,31,6,0.0,1502107,0.0,119388,803.0,0.3409189737643137,,1238720,0.0,5816.0,,6.4745545405031635e-06,4.175590492784977,176.09055979549885,,,,,,,,,vllm
25ed92ff-00f8-4253-aef5-7d865dab60ec,agent-lambda02-500s,scikit-learn__scikit-learn-11040,scikit-learn__scikit-learn-11040,1081a66b6544eddee169c3a8039e900650f69817eb9235f8cf75de9b809bb034,agentic,header,2,proxy,Qwen/Qwen3-32B-FP8,False,/v1/chat/completions,8e614fb1efa6e1538583f70b9e1c2c93394725b6bf1f884f5b1ff604b81f90ec,3553bae939204bd57e0437771f2ef45ed90312bf010f0a7c4784aa8b0e84ef0b,1081a66b6544eddee169c3a8039e900650f69817eb9235f8cf75de9b809bb034,4,20450,1784293915.5919957,1784294084.8596315,1784294084.8596315,200,8182,317,,response,,,169.26763582229614,,,False,0.06592369079589844,842.0,True,False,False,1,False,,1,root,2,16185,0.7914425427872861,1784293913.316,0.9711518214360918,17,33,6,0.0,1531843,15938.0,119733,254.0,0.5543356574683296,,1252832,9408.0,12008.0,53.59831440448761,12.151376642286776,8.753385074436665,79.08253364264965,,,,,,,,,vllm
ee32a2b2-7d21-44fa-a317-3c6982a24b74,agent-lambda02-500s,psf__requests-2148,psf__requests-2148,56eb8e5416bc5a0ffd270331a03bd17806f2490a9ad853e6ce4a24019621d308,agentic,header,1,proxy,Qwen/Qwen3-32B-FP8,False,/v1/chat/completions,3748c2917b6cc025ed6d6588129387ae364daa61c605e9ff93ec33fd1bbdb834,0f9040529592ec32010b6ec6231e3020e228e84f7d230730da9c9743fb22cb2f,56eb8e5416bc5a0ffd270331a03bd17806f2490a9ad853e6ce4a24019621d308,4,21600,1784293919.0427997,1784294125.1358607,1784294125.1358607,200,8666,434,,response,,,206.0930609703064,,,False,0.07029342651367188,735.0,True,False,False,1,False,,1,root,2,17762,0.8223148148148148,1784293918.316,0.9830490629606232,19,33,6,0.0,1541633,9790.0,120986,1253.0,0.466846222906246,,1257536,4704.0,,52.05375051498413,,,,,,,,,,,,vllm
2b660473-463c-400b-9f09-83e6a0c0415d,agent-lambda02-500s,sphinx-doc__sphinx-8282,sphinx-doc__sphinx-8282,73cc6bea6208dc3ced916adb821c5316f9e65349b2069add19105afe16b79897,agentic,header,6,proxy,Qwen/Qwen3-32B-FP8,False,/v1/chat/completions,a40075cfe9c108d467036e8811f3303caefee3339cb4d5fcf1bc1b65e2085296,f45431faba97bf26d791106cc28cbd80e4044ce3fcf2342f52edffc2b2d47e82,73cc6bea6208dc3ced916adb821c5316f9e65349b2069add19105afe16b79897,10,29592,1784293927.1849554,1784294129.4506505,1784294129.4506505,200,10092,403,,response,,,202.26569509506226,,,False,0.052976369857788086,642.0,True,False,False,1,False,,1,root,2,16319,0.5514666125979995,1784293923.316,0.9577805853863972,20,31,6,0.0,1541633,0.0,122393,1407.0,0.466846222906246,,1257536,0.0,3210.0,,1.0127822558085123e-05,2.281856211523215,147.03019323199987,,,,,,,,,vllm
c03da712-a068-4da0-8981-4d5e641eee0c,agent-lambda02-500s,astropy__astropy-14995,astropy__astropy-14995,b0467d3192bf7bc69370318e05919da10a8b2c800ed75c9d23fa26cd45819d1d,agentic,header,1,proxy,Qwen/Qwen3-32B-FP8,False,/v1/chat/completions,41441833ac55737e08fa5bbc3cb79842083fa32ab7e7fa8534854ace8b14bea9,62776a39131b7495843b25b4e2cba5afad6d7376922c846f4cd0c319bd79f24a,b0467d3192bf7bc69370318e05919da10a8b2c800ed75c9d23fa26cd45819d1d,4,22773,1784293939.4284105,1784294128.3397865,1784294128.3397865,200,8929,388,,response,,,188.91137599945068,,,False,0.05725455284118652,1013.0,True,False,False,1,False,,1,root,2,17981,0.7895753743468142,1784293938.316,0.9866287639503052,22,31,7,1.0,1572069,7300.0,124996,1740.0,0.510786663761168,,1274224,4704.0,,57.949999570846444,,,,,,,,,,,,vllm
