request_id,task_id,session_id,sequence_id,session_type,session_id_source,turn_number,turn_number_source,model,stream,path,prefix_hash,full_hash,sequence_root,num_messages,prompt_chars,ts_request_in,ts_first_byte,ts_last_byte,status_code,prompt_tokens,completion_tokens,cached_tokens,usage_source,stream_chunks,error,e2e_s,ttft_s,itl_s,streamed,gap_s,context_growth_tokens,is_resumption,prefix_seen_before,exact_resend,branch_factor,is_condensation,context_shrink_tokens,fanout,sequence_role,shared_prefix_msgs,shared_prefix_chars,shared_prefix_frac,ts,kv_cache_utilization,queue_depth,running_requests,eviction_events,eviction_events_window,prompt_tokens_total,prompt_tokens_total_delta,generation_tokens_total,generation_tokens_total_delta,prefix_cache_hit_rate,prefix_cache_hit_rate_reported,engine
dc6dc144-5950-4943-bd0c-dbcc6a635fbc,astropy__astropy-14182,astropy__astropy-14182,1efce8181c2659eba7f6972f4c731cc6890c31114a81bffff3f35ff3927a0428,agentic,header,0,proxy,Qwen/Qwen3-32B-FP8,False,/v1/chat/completions,1d2da6d0569d145a76672d5d42cb581828ec69f47407eb003768aa6c8f9e493d,1efce8181c2659eba7f6972f4c731cc6890c31114a81bffff3f35ff3927a0428,1efce8181c2659eba7f6972f4c731cc6890c31114a81bffff3f35ff3927a0428,2,17387,1784109040.2515516,1784109073.68679,1784109073.68679,200,7697.0,802.0,,response,,,33.43523836135864,,,False,,,False,False,False,1,False,,1,root,2,17387,1.0,,,,,,,,,,,,,
0ef0f2ae-9e4e-4d92-8123-6c96f497b9a4,astropy__astropy-14182,astropy__astropy-14182,1efce8181c2659eba7f6972f4c731cc6890c31114a81bffff3f35ff3927a0428,agentic,header,1,proxy,Qwen/Qwen3-32B-FP8,False,/v1/chat/completions,d322ed773eea68eb6c0c44a3b4aaffd0a7ec55f6450af5ace8b2953c1028e0d7,be0eac625a372d35224a9483244463f9dbc2a68bf4667020a63278c13fcd0c44,1efce8181c2659eba7f6972f4c731cc6890c31114a81bffff3f35ff3927a0428,4,21575,1784109074.7136915,1784109087.9031904,1784109087.9031904,200,8592.0,389.0,,response,,,13.189498901367188,,,False,1.0269014835357666,895.0,True,False,False,1,False,,1,root,2,17387,0.8058864426419466,,,,,,,,,,,,,
5f414521-c985-48d2-abc7-095d46663403,astropy__astropy-14182,astropy__astropy-14182,1efce8181c2659eba7f6972f4c731cc6890c31114a81bffff3f35ff3927a0428,agentic,header,2,proxy,Qwen/Qwen3-32B-FP8,False,/v1/chat/completions,77990c2cac7606e5f1b2765eb1d141f6f414d44ff4a36a0693b5db06e8ea4f5b,68b89b53f9ee3c2e4d3527a7bafcf3c8ce0ef8c223db064f885c0f1460a10489,1efce8181c2659eba7f6972f4c731cc6890c31114a81bffff3f35ff3927a0428,6,23754,1784109088.6103792,1784109121.4153924,1784109121.4153924,200,9069.0,643.0,,response,,,32.80501317977905,,,False,0.7071888446807861,477.0,True,False,False,1,False,,1,root,2,17387,0.7319609328955123,,,,,,,,,,,,,
acbc9433-fbe4-4e65-a409-7941b98d90e6,astropy__astropy-14182,astropy__astropy-14182,1efce8181c2659eba7f6972f4c731cc6890c31114a81bffff3f35ff3927a0428,agentic,header,3,proxy,Qwen/Qwen3-32B-FP8,False,/v1/chat/completions,e26095bf10c661438e9a850cf74bd74981f32367ac4afd2932d2e75f66fb824f,6fe9438bf9025b6183077c4a7adc2c876938c2abad089005d6f2ee361d25aae8,1efce8181c2659eba7f6972f4c731cc6890c31114a81bffff3f35ff3927a0428,8,27267,1784109121.4774847,1784109138.1074548,1784109138.1074548,200,9791.0,299.0,,response,,,16.62997007369995,,,False,0.06209230422973633,722.0,True,False,False,1,False,,1,root,2,17387,0.6376572413540177,,,,,,,,,,,,,
98dbf246-7fb1-4355-a3e5-b05006de48ad,astropy__astropy-14182,astropy__astropy-14182,1efce8181c2659eba7f6972f4c731cc6890c31114a81bffff3f35ff3927a0428,agentic,header,4,proxy,Qwen/Qwen3-32B-FP8,False,/v1/chat/completions,c796c73ea5452588d3df3cc29b3613f0179866f9d0c50fc31287b49d7c090653,36a65eab5e37f63bb39b58ac441078705d31aac5a9aa516411a78583a5cc8abd,1efce8181c2659eba7f6972f4c731cc6890c31114a81bffff3f35ff3927a0428,10,31115,1784109138.1945157,1784109181.0456107,1784109181.0456107,200,10841.0,717.0,,response,,,42.85109496116638,,,False,0.08706092834472656,1050.0,True,False,False,1,False,,1,root,2,17387,0.5587980073919332,,,,,,,,,,,,,
790d7111-cb90-47d3-a7cf-762c2156f48f,astropy__astropy-14182,astropy__astropy-14182,1efce8181c2659eba7f6972f4c731cc6890c31114a81bffff3f35ff3927a0428,agentic,header,5,proxy,Qwen/Qwen3-32B-FP8,False,/v1/chat/completions,b4b9dce4b1c3f2f2dde4335f6c3f7f0c531bc4590dc1f76ab8820f488e1593ea,be86e953f2ab8fb0659a6f1c157a2debc2bb001acb7fcaa5159a7d00fab33056,1efce8181c2659eba7f6972f4c731cc6890c31114a81bffff3f35ff3927a0428,12,35313,1784109181.1484795,1784109229.3458507,1784109229.3458507,200,11772.0,681.0,,response,,,48.19737124443054,,,False,0.10286879539489746,931.0,True,False,False,1,False,,1,root,2,17387,0.4923682496531023,,,,,,,,,,,,,
6efa58ea-9a33-47fc-9d3d-ad5709cb42f0,astropy__astropy-14182,astropy__astropy-14182,1efce8181c2659eba7f6972f4c731cc6890c31114a81bffff3f35ff3927a0428,agentic,header,6,proxy,Qwen/Qwen3-32B-FP8,False,/v1/chat/completions,615a1473b5518a7d36e7aacefa7c322dd3defac25b1e058d9b892cda67aa50ec,5f4596e465f6048770d44fcf0689bd7899ffe0e07353d5cd7fa6b4db83358064,1efce8181c2659eba7f6972f4c731cc6890c31114a81bffff3f35ff3927a0428,14,39390,1784109229.4578676,1784109287.068705,1784109287.068705,200,12728.0,979.0,,response,,,57.61083745956421,,,False,0.11201691627502441,956.0,True,False,False,1,False,,1,root,2,17387,0.44140644833714143,,,,,,,,,,,,,
a25c07da-231b-4ead-a177-9d0575ef014f,astropy__astropy-14182,astropy__astropy-14182,1efce8181c2659eba7f6972f4c731cc6890c31114a81bffff3f35ff3927a0428,agentic,header,7,proxy,Qwen/Qwen3-32B-FP8,False,/v1/chat/completions,71ff18c4f830d718aaf4e82e2860401a002dfbfb210a23405025dfaa6456b8e4,a379ef0c349c587b51bcac73df8dd58a3d7a99b1bbddb13ea71a0c8388a5d43f,1efce8181c2659eba7f6972f4c731cc6890c31114a81bffff3f35ff3927a0428,16,45210,1784109289.332305,1784109304.486071,1784109304.486071,200,14139.0,255.0,,response,,,15.15376615524292,,,False,2.2635998725891113,1411.0,True,False,False,1,False,,1,root,2,17387,0.38458305684583055,,,,,,,,,,,,,
149ec710-0436-4b08-8b84-b756208cb737,astropy__astropy-14182,astropy__astropy-14182,1efce8181c2659eba7f6972f4c731cc6890c31114a81bffff3f35ff3927a0428,agentic,header,8,proxy,Qwen/Qwen3-32B-FP8,False,/v1/chat/completions,0b5d16b73192eedac33bad690c8913ba7a2bdcd117c3ec1e391323f5f7ba146b,b4615a2c86e69b77ee6e09bd8fbede4d84b46c94c1fe3b814c4d6e88dc47bb60,1efce8181c2659eba7f6972f4c731cc6890c31114a81bffff3f35ff3927a0428,18,50436,1784109312.8027108,1784109332.2954447,1784109332.2954447,200,15353.0,346.0,,response,,,19.4927339553833,,,False,8.31663966178894,1214.0,True,False,False,1,False,,1,root,2,17387,0.3447339202157189,,,,,,,,,,,,,
9ebf6bfc-5249-46ee-971d-2d488ba1df1b,astropy__astropy-14182,astropy__astropy-14182,1efce8181c2659eba7f6972f4c731cc6890c31114a81bffff3f35ff3927a0428,agentic,header,9,proxy,Qwen/Qwen3-32B-FP8,False,/v1/chat/completions,96c82c95b0237bc7df1aef920a0fc4019992f9056447f8c120c9ea201fd65d91,7be366abdb72a5347d5a43e3fae498af28969a4b4b4cc050d88987c87894fcb2,1efce8181c2659eba7f6972f4c731cc6890c31114a81bffff3f35ff3927a0428,20,57416,1784109335.202573,1784109362.1480682,1784109362.1480682,200,20561.0,292.0,,response,,,26.945495128631592,,,False,2.90712833404541,5208.0,True,False,False,1,False,,1,root,2,17387,0.3028249965166504,,,,,,,,,,,,,
23b7654a-9968-413a-8c9c-f915d9b1b56f,astropy__astropy-14182,astropy__astropy-14182,1efce8181c2659eba7f6972f4c731cc6890c31114a81bffff3f35ff3927a0428,agentic,header,10,proxy,Qwen/Qwen3-32B-FP8,False,/v1/chat/completions,675aab369c19841d23b71d064fc3cc06e0310af58b10c029715b20fbf6f797c7,cf0969ecb8d7529a66ccaf3f35d90ce01e9bc95f8540e0a4712181ec154185ce,1efce8181c2659eba7f6972f4c731cc6890c31114a81bffff3f35ff3927a0428,22,59576,1784109387.1711035,1784109395.9947238,1784109395.9947238,200,21102.0,144.0,,response,,,8.823620319366455,,,False,25.023035287857056,541.0,True,False,False,1,False,,1,root,2,17387,0.29184570968175105,,,,,,,,,,,,,
832aae4e-b7fd-45d1-bf95-84bee3a38d73,astropy__astropy-14182,astropy__astropy-14182,1efce8181c2659eba7f6972f4c731cc6890c31114a81bffff3f35ff3927a0428,agentic,header,11,proxy,Qwen/Qwen3-32B-FP8,False,/v1/chat/completions,e185cb91bd06290c928e45c096e62b7640cb8626aefc4045f9adcb9d00aef279,c63bbaa78acfd7eca6e401bd7dfc37bf0ea1038f4c747a8eb760c4273f822803,1efce8181c2659eba7f6972f4c731cc6890c31114a81bffff3f35ff3927a0428,24,64185,1784109404.3693647,1784109431.8670192,1784109431.8670192,200,22205.0,448.0,,response,,,27.4976544380188,,,False,8.374640941619873,1103.0,True,False,False,1,False,,1,root,2,17387,0.270888836955675,,,,,,,,,,,,,
b1760955-9a16-4a15-b796-8468352dea64,astropy__astropy-14182,astropy__astropy-14182,1efce8181c2659eba7f6972f4c731cc6890c31114a81bffff3f35ff3927a0428,agentic,header,12,proxy,Qwen/Qwen3-32B-FP8,False,/v1/chat/completions,b9482127bd2a8de7873317deee35c041c4d96d97ef333e6585652c08e98c613e,f8cb8da23cbbcf39c9fece82df8ce09ceb0abb33d9041ebd56c196a6fc88885c,1efce8181c2659eba7f6972f4c731cc6890c31114a81bffff3f35ff3927a0428,26,71474,1784109434.65631,1784109491.4438488,1784109491.4438488,200,27515.0,413.0,,response,,,56.78753876686096,,,False,2.7892909049987793,5310.0,True,False,False,1,False,,1,root,2,17387,0.24326328455102555,,,,,,,,,,,,,
eb3c530c-5497-44db-ad1d-aa38b40d56fb,astropy__astropy-14182,astropy__astropy-14182,1efce8181c2659eba7f6972f4c731cc6890c31114a81bffff3f35ff3927a0428,agentic,header,13,proxy,Qwen/Qwen3-32B-FP8,False,/v1/chat/completions,e88b7b86f6ffc349a77f40b2fce71e634031ab87023646ff13df67517b0717d6,5e94102514325b0cb931f1791abc149f7940cd3ad3ffcbc11a287919031ce7f2,1efce8181c2659eba7f6972f4c731cc6890c31114a81bffff3f35ff3927a0428,28,74398,1784109512.4470925,1784109536.5709689,1784109536.5709689,200,28338.0,196.0,,response,,,24.123876333236694,,,False,21.003243684768677,823.0,True,False,False,1,False,,1,root,2,17387,0.23370251888491625,,,,,,,,,,,,,
c4eece64-9bf2-4ab9-a495-442b06542f6a,astropy__astropy-14182,astropy__astropy-14182,1efce8181c2659eba7f6972f4c731cc6890c31114a81bffff3f35ff3927a0428,agentic,header,14,proxy,Qwen/Qwen3-32B-FP8,False,/v1/chat/completions,c1dd236a538f3fcdedd4a49c105eb1a610c2cba210179d02bdfc6895756a5515,6d994a055f5af64d9982e8be11641e8bdb0459c09398e833af954bae55d8c242,1efce8181c2659eba7f6972f4c731cc6890c31114a81bffff3f35ff3927a0428,30,79301,1784109544.9483163,1784109615.9246519,1784109615.9246519,200,29493.0,707.0,,response,,,70.9763355255127,,,False,8.377347469329834,1155.0,True,False,False,1,False,,1,root,2,17387,0.2192532250539085,,,,,,,,,,,,,
9979592f-5987-42e1-a0ac-4149b2e5a8f3,django__django-10924,django__django-10924,2e3e123d5e76cb7d6d12af8f0ea709eb54ca93c2b1bb30b94cc6ad102f4fc926,agentic,header,0,proxy,Qwen/Qwen3-32B-FP8,False,/v1/chat/completions,1d2da6d0569d145a76672d5d42cb581828ec69f47407eb003768aa6c8f9e493d,2e3e123d5e76cb7d6d12af8f0ea709eb54ca93c2b1bb30b94cc6ad102f4fc926,2e3e123d5e76cb7d6d12af8f0ea709eb54ca93c2b1bb30b94cc6ad102f4fc926,2,16235,1784109207.0489383,1784109279.5245397,1784109279.5245397,200,7335.0,1143.0,,response,,,72.47560143470764,,,False,,,False,True,False,1,False,,1,root,2,16235,1.0,,,,,,,,,,,,,
ce711771-aca1-4e9f-aa3e-ab74d100d376,django__django-10924,django__django-10924,2e3e123d5e76cb7d6d12af8f0ea709eb54ca93c2b1bb30b94cc6ad102f4fc926,agentic,header,1,proxy,Qwen/Qwen3-32B-FP8,False,/v1/chat/completions,6fbaf5efc603790b01927fb5cc3ea1de05819943a25676af28939170f60856ef,187c60d4c9a1da6e66ac2edd648154ecdd5e0fbd882dbb7c046c5d8060dbd87a,2e3e123d5e76cb7d6d12af8f0ea709eb54ca93c2b1bb30b94cc6ad102f4fc926,4,22371,1784109279.6132703,1784109330.2596893,1784109330.2596893,200,8496.0,932.0,,response,,,50.646419048309326,,,False,0.0887305736541748,1161.0,True,False,False,1,False,,1,root,2,16235,0.7257163291761656,,,,,,,,,,,,,
c703330f-1f3a-439f-87c5-269d648e69a0,django__django-10924,django__django-10924,2e3e123d5e76cb7d6d12af8f0ea709eb54ca93c2b1bb30b94cc6ad102f4fc926,agentic,header,2,proxy,Qwen/Qwen3-32B-FP8,False,/v1/chat/completions,24b57ef2de32bd232b0d9bbe9213ded91b5d4bdb141b09cf55b626bf42a777ec,ad6a28328bf68bcf88346414de2f194fa635652bff9381a550a3c426fc6115e3,2e3e123d5e76cb7d6d12af8f0ea709eb54ca93c2b1bb30b94cc6ad102f4fc926,6,27229,1784109330.3355958,1784109380.204424,1784109380.204424,200,9472.0,659.0,,response,,,49.8688280582428,,,False,0.07590651512145996,976.0,True,False,False,1,False,,1,root,2,16235,0.5962393036835727,,,,,,,,,,,,,
ec8c3d22-c84f-452e-871c-5887bd8a2dfc,django__django-10924,django__django-10924,2e3e123d5e76cb7d6d12af8f0ea709eb54ca93c2b1bb30b94cc6ad102f4fc926,agentic,header,3,proxy,Qwen/Qwen3-32B-FP8,False,/v1/chat/completions,8abde51f421b5b8712562d4cdc3956a242c61514e31f3fc60bfb8d504e1f7b57,2170e941fb062f75b54733a8eaff1acdf53e8b6418215013e0f6a06a55db55fb,2e3e123d5e76cb7d6d12af8f0ea709eb54ca93c2b1bb30b94cc6ad102f4fc926,8,30997,1784109380.2692227,1784109396.498854,1784109396.498854,200,10223.0,251.0,,response,,,16.229631185531616,,,False,0.06479883193969727,751.0,True,False,False,1,False,,1,root,2,16235,0.5237603639061845,,,,,,,,,,,,,
7dfe3839-dc3a-43c4-a73f-b6eca52cc62b,django__django-10924,django__django-10924,2e3e123d5e76cb7d6d12af8f0ea709eb54ca93c2b1bb30b94cc6ad102f4fc926,agentic,header,4,proxy,Qwen/Qwen3-32B-FP8,False,/v1/chat/completions,260e08903373737a96845eb5977eb57457fec5e6df76de5c2bf511abc6236438,c20723e51e405a71097ede54197888f21dab3cb3fba6f7e0c8b2eba3eed6be9e,2e3e123d5e76cb7d6d12af8f0ea709eb54ca93c2b1bb30b94cc6ad102f4fc926,10,52537,1784109400.5461926,1784109481.9947982,1784109481.9947982,200,16017.0,913.0,,response,,,81.44860553741455,,,False,4.0473387241363525,5794.0,True,False,False,1,False,,1,root,2,16235,0.3090203094961646,,,,,,,,,,,,,
c7925c4f-414f-4b15-a46d-a92b4cb9e20c,django__django-10924,django__django-10924,2e3e123d5e76cb7d6d12af8f0ea709eb54ca93c2b1bb30b94cc6ad102f4fc926,agentic,header,5,proxy,Qwen/Qwen3-32B-FP8,False,/v1/chat/completions,37e18b88d9ddad171597f48e9ee76d41a997822640fe2c53077cda713eb2a65f,42e8732f12d3bea216d83292c47d9705c22b89f69c8f3cc3f3d80c6cc5f5fff0,2e3e123d5e76cb7d6d12af8f0ea709eb54ca93c2b1bb30b94cc6ad102f4fc926,12,57395,1784109482.0971463,1784109549.023889,1784109549.023889,200,17037.0,525.0,,response,,,66.92674279212952,,,False,0.10234808921813965,1020.0,True,False,False,1,False,,1,root,2,16235,0.28286436100705636,,,,,,,,,,,,,
d3cb5c33-d89b-467b-8f9c-4b62e42bd0b9,django__django-10924,django__django-10924,2e3e123d5e76cb7d6d12af8f0ea709eb54ca93c2b1bb30b94cc6ad102f4fc926,agentic,header,6,proxy,Qwen/Qwen3-32B-FP8,False,/v1/chat/completions,e2c331c0687743ecbd8e5eaab3d13c7e395787b0c91c92a0ade5f2996ab7e8d8,cd24aaa5e1015e99bf457f3fa99f9123fe95c4e5abb56aa81b741a163602bb9b,2e3e123d5e76cb7d6d12af8f0ea709eb54ca93c2b1bb30b94cc6ad102f4fc926,14,60419,1784109549.117652,1784109606.8052075,1784109606.8052075,200,17644.0,514.0,,response,,,57.68755555152893,,,False,0.09376287460327148,607.0,True,False,False,1,False,,1,root,2,16235,0.2687068637349178,,,,,,,,,,,,,
22cbebb3-1cb5-4f48-8fac-da8b69d05b54,astropy__astropy-7746,astropy__astropy-7746,5218737fd66feb458bee93bdcdad695f1b59545c10c12cdd753c442aa2903b8f,agentic,header,0,proxy,Qwen/Qwen3-32B-FP8,False,/v1/chat/completions,1d2da6d0569d145a76672d5d42cb581828ec69f47407eb003768aa6c8f9e493d,5218737fd66feb458bee93bdcdad695f1b59545c10c12cdd753c442aa2903b8f,5218737fd66feb458bee93bdcdad695f1b59545c10c12cdd753c442aa2903b8f,2,17549,1784109047.4650676,1784109064.700465,1784109064.700465,200,7779.0,470.0,,response,,,17.235397338867188,,,False,,,False,True,False,1,False,,1,root,2,17549,1.0,,,,,,,,,,,,,
bad936b7-20d1-4060-a008-a512a30d136b,astropy__astropy-7746,astropy__astropy-7746,5218737fd66feb458bee93bdcdad695f1b59545c10c12cdd753c442aa2903b8f,agentic,header,1,proxy,Qwen/Qwen3-32B-FP8,False,/v1/chat/completions,96e63ec8e341c0811dc9c05ae35dbf0b174c90a268c5d72da3a57d2630cc273d,668c5c4b0c63d65046cf216ee60f3f26bf2697ea1913cb043cbe2f0bd0a233d7,5218737fd66feb458bee93bdcdad695f1b59545c10c12cdd753c442aa2903b8f,4,20244,1784109064.7757463,1784109082.3909168,1784109082.3909168,200,8267.0,533.0,,response,,,17.6151704788208,,,False,0.07528138160705566,488.0,True,False,False,1,False,,1,root,2,17549,0.8668741355463347,,,,,,,,,,,,,
8c459952-8a3b-451b-b954-98a92d60825f,astropy__astropy-7746,astropy__astropy-7746,5218737fd66feb458bee93bdcdad695f1b59545c10c12cdd753c442aa2903b8f,agentic,header,2,proxy,Qwen/Qwen3-32B-FP8,False,/v1/chat/completions,9de83c7f6c53bc0cb3a5c0639a68c7b00aaf01f94e1a724106e57ac619cc952b,e0365727307bd16fa13646b8c272136716b99a4e54f8298fcd32c004d3aab315,5218737fd66feb458bee93bdcdad695f1b59545c10c12cdd753c442aa2903b8f,6,23242,1784109082.4524577,1784109093.8151944,1784109093.8151944,200,8864.0,330.0,,response,,,11.362736701965332,,,False,0.061540842056274414,597.0,True,False,False,1,False,,1,root,2,17549,0.7550555029687634,,,,,,,,,,,,,
2313817d-ed07-4433-85e0-3d0e8739b0df,astropy__astropy-7746,astropy__astropy-7746,5218737fd66feb458bee93bdcdad695f1b59545c10c12cdd753c442aa2903b8f,agentic,header,3,proxy,Qwen/Qwen3-32B-FP8,False,/v1/chat/completions,a8f4cdfbb4e1eb5674771bbebf4d6ce5fbc375493e25e5d1eb3091b2c5c3405d,6146d281e5ad85b17570e1fc3b4c386356d32171580cfa2838710664432328c6,5218737fd66feb458bee93bdcdad695f1b59545c10c12cdd753c442aa2903b8f,8,25207,1784109094.7960517,1784109105.1150684,1784109105.1150684,200,9286.0,295.0,,response,,,10.319016695022583,,,False,0.9808573722839355,422.0,True,False,False,1,False,,1,root,2,17549,0.6961955012496529,,,,,,,,,,,,,
11245db4-767e-4c1d-a54d-034cdaefee0a,astropy__astropy-7746,astropy__astropy-7746,5218737fd66feb458bee93bdcdad695f1b59545c10c12cdd753c442aa2903b8f,agentic,header,4,proxy,Qwen/Qwen3-32B-FP8,False,/v1/chat/completions,9d4c7b94d9077fa77dcb97227243b0b1cee419d7901d32f66d66788440719cd5,054e8aa7cf3c73ffab77a973a930d34e44726443300a46c5e2dd18e4ce38d77f,5218737fd66feb458bee93bdcdad695f1b59545c10c12cdd753c442aa2903b8f,10,57072,1784109106.3680286,1784109128.0088227,1784109128.0088227,200,18734.0,299.0,,response,,,21.640794038772583,,,False,1.252960205078125,9448.0,True,False,False,1,False,,1,root,2,17549,0.3074887860947575,,,,,,,,,,,,,
8bf2f4b3-f130-45b8-b917-7138544ef44a,astropy__astropy-7746,astropy__astropy-7746,5218737fd66feb458bee93bdcdad695f1b59545c10c12cdd753c442aa2903b8f,agentic,header,5,proxy,Qwen/Qwen3-32B-FP8,False,/v1/chat/completions,627600350d3c71442d9a68ccfbdee01264f24682e1996ef45ce5a85fe7cd1a98,72065a74153f234d50b6862deeb7bddace43a017bf8f9836c48c1763c4adb128,5218737fd66feb458bee93bdcdad695f1b59545c10c12cdd753c442aa2903b8f,12,79098,1784109128.1492727,1784109150.889431,1784109150.889431,200,25253.0,415.0,,response,,,22.740158319473267,,,False,0.14045000076293945,6519.0,True,False,False,1,False,,1,root,2,17549,0.22186401678929935,,,,,,,,,,,,,
d82321d2-34b2-4221-8aff-8844ee48afbd,astropy__astropy-7746,astropy__astropy-7746,5218737fd66feb458bee93bdcdad695f1b59545c10c12cdd753c442aa2903b8f,agentic,header,6,proxy,Qwen/Qwen3-32B-FP8,False,/v1/chat/completions,68cfc6011487093793f8120ca35390c76371f6b67267efb9049d017325ee615a,ebaf2187dc52a762ef8988c94e2a148aca335a7be7c784c43feaf7fe9f5c3900,5218737fd66feb458bee93bdcdad695f1b59545c10c12cdd753c442aa2903b8f,14,82381,1784109150.9709885,1784109169.4436564,1784109169.4436564,200,26059.0,271.0,,response,,,18.472667932510376,,,False,0.0815575122833252,806.0,True,False,False,1,False,,1,root,2,17549,0.2130224202182542,,,,,,,,,,,,,
4ffe9980-0eb8-4286-87a3-14d8cffdc499,astropy__astropy-7746,astropy__astropy-7746,5218737fd66feb458bee93bdcdad695f1b59545c10c12cdd753c442aa2903b8f,agentic,header,7,proxy,Qwen/Qwen3-32B-FP8,False,/v1/chat/completions,0c30d76e5e442433cf106c11e61b7ceb4bc191de26e3a69c360f0d1be67b5434,be39f57ca941bc8d8cdd23ab3d9aa96958dc5512ced1965dbde17e7fa0e35ed2,5218737fd66feb458bee93bdcdad695f1b59545c10c12cdd753c442aa2903b8f,16,85045,1784109169.5532095,1784109191.2361288,1784109191.2361288,200,26715.0,341.0,,response,,,21.68291926383972,,,False,0.10955309867858887,656.0,True,False,False,1,False,,1,root,2,17549,0.20634957963431125,,,,,,,,,,,,,
fee24b0d-9a60-4922-8650-95ed3b7c3590,astropy__astropy-7746,astropy__astropy-7746,5218737fd66feb458bee93bdcdad695f1b59545c10c12cdd753c442aa2903b8f,agentic,header,8,proxy,Qwen/Qwen3-32B-FP8,False,/v1/chat/completions,3a780ae32774c7e063ad4f66913f028dc459de65b7df00065567863fdaac9500,886ea75c7a42b765d1b6aaf4b15f72ff9d634563f433f4839c18536eb0f41581,5218737fd66feb458bee93bdcdad695f1b59545c10c12cdd753c442aa2903b8f,18,88067,1784109191.3935065,1784109219.9950526,1784109219.9950526,200,27453.0,338.0,,response,,,28.601546049118042,,,False,0.1573777198791504,738.0,True,False,False,1,False,,1,root,2,17549,0.19926873857404023,,,,,,,,,,,,,
6ab5efbd-cee5-44a0-9e04-7a5dddf7b3c6,astropy__astropy-7746,astropy__astropy-7746,5218737fd66feb458bee93bdcdad695f1b59545c10c12cdd753c442aa2903b8f,agentic,header,9,proxy,Qwen/Qwen3-32B-FP8,False,/v1/chat/completions,e0cf12bd3c5dcc17df52d2d483c4a2cabef4dedd09d3e79f1ba666d8e73ac83b,e46d0ff90d95004c50cbc35ee1c7e966c108bdac00b3043febf5aaf1ff65fcb7,5218737fd66feb458bee93bdcdad695f1b59545c10c12cdd753c442aa2903b8f,20,90900,1784109220.1079793,1784109243.9885905,1784109243.9885905,200,28140.0,424.0,,response,,,23.880611181259155,,,False,0.11292672157287598,687.0,True,False,False,1,False,,1,root,2,17549,0.19305830583058306,,,,,,,,,,,,,
9e7c2de6-543d-420c-9422-fd1653cfc7ac,astropy__astropy-7746,astropy__astropy-7746,5218737fd66feb458bee93bdcdad695f1b59545c10c12cdd753c442aa2903b8f,agentic,header,10,proxy,Qwen/Qwen3-32B-FP8,False,/v1/chat/completions,c3dee161ee302ff4677d0f6bda02c75668d2e3aaef2f1d68fbe2c400220989e8,042178699f370b9e2c5cb7b43983383310afca0aa3005df8ce8fe92cf1fd3dbb,5218737fd66feb458bee93bdcdad695f1b59545c10c12cdd753c442aa2903b8f,22,93982,1784109244.136204,1784109266.9739602,1784109266.9739602,200,28860.0,321.0,,response,,,22.837756156921387,,,False,0.147613525390625,720.0,True,False,False,1,False,,1,root,2,17549,0.18672724564278267,,,,,,,,,,,,,
5364496d-da35-4a7a-8288-fc60fa327fda,astropy__astropy-7746,astropy__astropy-7746,5218737fd66feb458bee93bdcdad695f1b59545c10c12cdd753c442aa2903b8f,agentic,header,11,proxy,Qwen/Qwen3-32B-FP8,False,/v1/chat/completions,35f341686ce98b3405685aa9f99bc58f964ec7754b3fa5ad74e677cbccb15596,d6242f8cd7312c23e071ddaef8a558adbdab05a8533c6912dbc45947289a7b4c,5218737fd66feb458bee93bdcdad695f1b59545c10c12cdd753c442aa2903b8f,24,103646,1784109268.778461,1784109289.313033,1784109289.313033,200,31457.0,368.0,,response,,,20.5345721244812,,,False,1.8045008182525635,2597.0,True,False,False,1,False,,1,root,2,17549,0.16931671265654247,,,,,,,,,,,,,
eaccc9b9-8278-4d26-91ee-4110939c7075,astropy__astropy-7746,astropy__astropy-7746,5218737fd66feb458bee93bdcdad695f1b59545c10c12cdd753c442aa2903b8f,agentic,header,12,proxy,Qwen/Qwen3-32B-FP8,False,/v1/chat/completions,4c7985b23201395ebd7efb680dda64fb5ffd421081446f11730475f4a70b15e9,2e2a8a7fbb0fb71f12f59b83e0b86486853756a87cd9fd2283132263a5126308,5218737fd66feb458bee93bdcdad695f1b59545c10c12cdd753c442aa2903b8f,26,106504,1784109289.4738228,1784109308.599566,1784109308.599566,200,32117.0,342.0,,response,,,19.12574315071106,,,False,0.16078972816467285,660.0,True,False,False,1,False,,1,root,2,17549,0.16477315405994142,,,,,,,,,,,,,
534b1c36-979a-4a79-ba6b-75f067981d53,astropy__astropy-7746,astropy__astropy-7746,5218737fd66feb458bee93bdcdad695f1b59545c10c12cdd753c442aa2903b8f,agentic,header,13,proxy,Qwen/Qwen3-32B-FP8,False,/v1/chat/completions,42160f16da416b4f551fa2413c1bdfc006c993cdeacb849a3600d769d163d531,30d95fd0067d10d3f5d88ef08f024bd2f702390d9582341911c4be8c2c76b858,5218737fd66feb458bee93bdcdad695f1b59545c10c12cdd753c442aa2903b8f,28,108847,1784109308.927443,1784109325.4107294,1784109325.4107294,200,32663.0,286.0,,response,,,16.483286380767822,,,False,0.3278770446777344,546.0,True,False,False,1,False,,1,root,2,17549,0.16122630848806122,,,,,,,,,,,,,
0c673e09-bfd6-4f21-923d-b6d6d046b648,astropy__astropy-7746,astropy__astropy-7746,5218737fd66feb458bee93bdcdad695f1b59545c10c12cdd753c442aa2903b8f,agentic,header,14,proxy,Qwen/Qwen3-32B-FP8,False,/v1/chat/completions,8e69fb4f53980dc47d77dcbf401cce1cd45e2aff613b07233ed44d2436a19e04,c083f5890e8a2ff48d05595c044db95d67e124ad58c966bede45152dd6bf82fa,5218737fd66feb458bee93bdcdad695f1b59545c10c12cdd753c442aa2903b8f,30,111183,1784109325.5995905,1784109345.1633,1784109345.1633,200,33182.0,200.0,,response,,,19.563709497451782,,,False,0.18886113166809082,519.0,True,False,False,1,False,,1,root,2,17549,0.15783887824577497,,,,,,,,,,,,,
1af262ac-314a-46a6-9c73-455f293d2f76,astropy__astropy-7746,astropy__astropy-7746,5218737fd66feb458bee93bdcdad695f1b59545c10c12cdd753c442aa2903b8f,agentic,header,15,proxy,Qwen/Qwen3-32B-FP8,False,/v1/chat/completions,528c8bcf48058573de991e4b5a344a9f91016d8bc6bab1a108dff615a5852d9e,34b4ae9426dc559493263a504911fc46d6f8c8e98f8287741006c576f4e5d3bf,5218737fd66feb458bee93bdcdad695f1b59545c10c12cdd753c442aa2903b8f,32,112605,1784109345.271325,1784109356.942001,1784109356.942001,200,33468.0,180.0,,response,,,11.670675992965698,,,False,0.10802507400512695,286.0,True,False,False,1,False,,1,root,2,17549,0.15584565516628923,,,,,,,,,,,,,
74750af0-ce60-4149-bbef-1b45a3c6608e,astropy__astropy-7746,astropy__astropy-7746,5218737fd66feb458bee93bdcdad695f1b59545c10c12cdd753c442aa2903b8f,agentic,header,16,proxy,Qwen/Qwen3-32B-FP8,False,/v1/chat/completions,ec975d83ff1f0386cd50214381c39b9a67e81255b0b5db18438178e8602555d5,e08b8b3906e920547402350970a492a8b617b547cac27d064e1c89b52ca7715c,5218737fd66feb458bee93bdcdad695f1b59545c10c12cdd753c442aa2903b8f,34,124770,1784109358.7501066,1784109376.5386887,1784109376.5386887,200,36804.0,258.0,,response,,,17.78858208656311,,,False,1.80810546875,3336.0,True,False,False,1,False,,1,root,2,17549,0.1406507974673399,,,,,,,,,,,,,
9e075331-ed70-4b4b-a5d6-b27b767e9826,astropy__astropy-7746,astropy__astropy-7746,5218737fd66feb458bee93bdcdad695f1b59545c10c12cdd753c442aa2903b8f,agentic,header,17,proxy,Qwen/Qwen3-32B-FP8,False,/v1/chat/completions,743a78f94fceee005fc0651d5de44a6961e26ce6bf1bac59d5585c0482f51989,bb8b461b91711a40549f79ca395952e99f5ae2df48d12e881edae5b4547ece7c,5218737fd66feb458bee93bdcdad695f1b59545c10c12cdd753c442aa2903b8f,36,126882,1784109377.3273518,1784109399.2068763,1784109399.2068763,200,37249.0,352.0,,response,,,21.87952446937561,,,False,0.7886631488800049,445.0,True,False,False,1,False,,1,root,2,17549,0.13830961050424803,,,,,,,,,,,,,
816bce7f-11f2-4a99-a3e2-15765fc187af,astropy__astropy-7746,astropy__astropy-7746,5218737fd66feb458bee93bdcdad695f1b59545c10c12cdd753c442aa2903b8f,agentic,header,18,proxy,Qwen/Qwen3-32B-FP8,False,/v1/chat/completions,d7c380341b4be9e0b2b429411a4f6c63d7410fdcff9da878b5ecb4df53fb875e,e5eb9beb08bee8325b669b83a9b7b342be44f477aa6ddad5d2c0e3c7f3525322,5218737fd66feb458bee93bdcdad695f1b59545c10c12cdd753c442aa2903b8f,38,129171,1784109402.5082338,1784109423.5208044,1784109423.5208044,200,37709.0,317.0,,response,,,21.01257061958313,,,False,3.3013575077056885,460.0,True,False,False,1,False,,1,root,2,17549,0.1358586679672682,,,,,,,,,,,,,
32603160-795b-40dc-9d31-bd0042abe00f,astropy__astropy-7746,astropy__astropy-7746,5218737fd66feb458bee93bdcdad695f1b59545c10c12cdd753c442aa2903b8f,agentic,header,19,proxy,Qwen/Qwen3-32B-FP8,False,/v1/chat/completions,c4568c932e8bef9a9e5cd9b81b662b30d66b9079aed38116de07121b95940ec9,cfbe09754bce504702ec6f73f937e67be7b2d409944971cd19d07771c8f3657a,5218737fd66feb458bee93bdcdad695f1b59545c10c12cdd753c442aa2903b8f,40,132860,1784109428.8728218,1784109452.3268368,1784109452.3268368,200,38644.0,216.0,,response,,,23.454015016555786,,,False,5.352017402648926,935.0,True,False,False,1,False,,1,root,2,17549,0.13208640674394098,,,,,,,,,,,,,
ac747a84-7488-4ec5-8434-a92a3dc59a4a,astropy__astropy-7746,astropy__astropy-7746,5218737fd66feb458bee93bdcdad695f1b59545c10c12cdd753c442aa2903b8f,agentic,header,20,proxy,Qwen/Qwen3-32B-FP8,False,/v1/chat/completions,d279d904fc9c544cdec3140cf2e83337cd1d7bf324a024e197658a1662f9d061,fdeae83d359e18a4401fcc079a625e088634ccaf265d582c6c5ed7307246396f,5218737fd66feb458bee93bdcdad695f1b59545c10c12cdd753c442aa2903b8f,42,134697,1784109453.632414,1784109578.631008,1784109578.631008,200,39047.0,832.0,,response,,,124.99859380722046,,,False,1.305577278137207,403.0,True,False,False,1,False,,1,root,2,17549,0.1302850100596153,,,,,,,,,,,,,
723654d9-4783-4c06-868c-ca58a4572b29,astropy__astropy-7746,astropy__astropy-7746,5218737fd66feb458bee93bdcdad695f1b59545c10c12cdd753c442aa2903b8f,agentic,header,21,proxy,Qwen/Qwen3-32B-FP8,False,/v1/chat/completions,a551ee49a0e5c0e5fbf081744aaa215193e344aebd8fd2317f4e18bd5a3194ed,43576fd84fefbca89e5424afa20fd204470be83bb3ddb5e29c690c8effb43dcd,5218737fd66feb458bee93bdcdad695f1b59545c10c12cdd753c442aa2903b8f,44,139228,1784109579.4435136,1784109610.497152,1784109610.497152,200,39966.0,531.0,,response,,,31.053638458251953,,,False,0.8125057220458984,919.0,True,False,False,1,False,,1,root,2,17549,0.12604504840980263,,,,,,,,,,,,,
ad838b27-b2a5-4d61-b90f-4d35cad63c60,astropy__astropy-7746,astropy__astropy-7746,5218737fd66feb458bee93bdcdad695f1b59545c10c12cdd753c442aa2903b8f,agentic,header,22,proxy,Qwen/Qwen3-32B-FP8,False,/v1/chat/completions,0eb0c1c937e951749deb53d84fdbe07ff68bff22287ea824c541e24bb071c7e1,6940207997d9a5df20ad0429e30596e95a9890b0c6c87a4c285edc5227d8bc3e,5218737fd66feb458bee93bdcdad695f1b59545c10c12cdd753c442aa2903b8f,46,142391,1784109612.32362,1784109627.570889,1784109627.570889,200,40646.0,314.0,,response,,,15.247268915176392,,,False,1.8264679908752441,680.0,True,False,False,1,False,,1,root,2,17549,0.12324514892092898,,,,,,,,,,,,,
494ae56e-2f51-4cc4-82eb-3bf76b3dfa7a,astropy__astropy-14365,astropy__astropy-14365,9f8a0de124a202e342ec6c909134912a8a18df1147a3f401a33307e56bc0fce0,agentic,header,0,proxy,Qwen/Qwen3-32B-FP8,False,/v1/chat/completions,1d2da6d0569d145a76672d5d42cb581828ec69f47407eb003768aa6c8f9e493d,9f8a0de124a202e342ec6c909134912a8a18df1147a3f401a33307e56bc0fce0,9f8a0de124a202e342ec6c909134912a8a18df1147a3f401a33307e56bc0fce0,2,16831,1784109038.3665588,1784109063.028616,1784109063.028616,200,7634.0,479.0,,response,,,24.662057161331177,,,False,,,False,True,False,1,False,,1,root,2,16831,1.0,,,,,,,,,,,,,
849f9c34-1ab3-4277-a20e-3ecb82b2ccc5,astropy__astropy-14365,astropy__astropy-14365,9f8a0de124a202e342ec6c909134912a8a18df1147a3f401a33307e56bc0fce0,agentic,header,1,proxy,Qwen/Qwen3-32B-FP8,False,/v1/chat/completions,ca7c9888e559e16dc64f1fd73230caf335ea1bcbd1a7cba38fa4464a03ed19a3,71bfe06ac166d379b4ca6fe9a0bada8b0ef469e1dbef5a7cdad96ad9a61659d8,9f8a0de124a202e342ec6c909134912a8a18df1147a3f401a33307e56bc0fce0,4,19466,1784109063.1324563,1784109081.0752404,1784109081.0752404,200,8131.0,543.0,,response,,,17.942784070968628,,,False,0.10384035110473633,497.0,True,False,False,1,False,,1,root,2,16831,0.8646357751977808,,,,,,,,,,,,,
f1ce3685-b56b-4c2e-aff8-535643516a9f,astropy__astropy-14365,astropy__astropy-14365,9f8a0de124a202e342ec6c909134912a8a18df1147a3f401a33307e56bc0fce0,agentic,header,2,proxy,Qwen/Qwen3-32B-FP8,False,/v1/chat/completions,2fe9ff7a0698ce9fceaeaae1ec4df054a2e0eaa4ab919d8b021e90f77e8c217d,90c7592244fb7d63b696e1047af739d0ca6f9f817d4836a13770cc787b189729,9f8a0de124a202e342ec6c909134912a8a18df1147a3f401a33307e56bc0fce0,6,22417,1784109082.0519147,1784109096.1238925,1784109096.1238925,200,8758.0,404.0,,response,,,14.071977853775024,,,False,0.9766743183135986,627.0,True,False,False,1,False,,1,root,2,16831,0.7508141142882634,,,,,,,,,,,,,
d544290a-c4f5-4acb-9a55-3aa0350d6613,astropy__astropy-14365,astropy__astropy-14365,9f8a0de124a202e342ec6c909134912a8a18df1147a3f401a33307e56bc0fce0,agentic,header,3,proxy,Qwen/Qwen3-32B-FP8,False,/v1/chat/completions,41dec8fad66d0cf69cc6505d22ecffe44fca33fc5e2488b3571fd88bf38735fe,b470573767d196128d36532f914ca3cd46207620ee6754851c6c2711a4294b3a,9f8a0de124a202e342ec6c909134912a8a18df1147a3f401a33307e56bc0fce0,8,24598,1784109096.1679776,1784109112.9094136,1784109112.9094136,200,9199.0,315.0,,response,,,16.741436004638672,,,False,0.044085025787353516,441.0,True,False,False,1,False,,1,root,2,16831,0.6842426213513294,,,,,,,,,,,,,
1b967a1d-7425-41dc-85fc-a3556e71705c,astropy__astropy-14365,astropy__astropy-14365,9f8a0de124a202e342ec6c909134912a8a18df1147a3f401a33307e56bc0fce0,agentic,header,4,proxy,Qwen/Qwen3-32B-FP8,False,/v1/chat/completions,ac8ef734c15fefb4d03150d30386dd14d108ee416d3e257a5bf1acc0beaa3ae3,4ff42b16d3ab1cf86caf94ed28c054b1327155aa6e5a0124638c1010618bafae,9f8a0de124a202e342ec6c909134912a8a18df1147a3f401a33307e56bc0fce0,10,47131,1784109113.0100074,1784109153.804263,1784109153.804263,200,16336.0,761.0,,response,,,40.79425573348999,,,False,0.10059380531311035,7137.0,True,False,False,1,False,,1,root,2,16831,0.35711103095627084,,,,,,,,,,,,,
3a4bc381-a59b-445b-bbf9-9350889771ff,astropy__astropy-14365,astropy__astropy-14365,9f8a0de124a202e342ec6c909134912a8a18df1147a3f401a33307e56bc0fce0,agentic,header,5,proxy,Qwen/Qwen3-32B-FP8,False,/v1/chat/completions,09822d1ef5eb93bdaadc511983a122afb0ba77797a99f69ddfd7b5bdef482d76,2a7234edf6976a4b9df8248cd8a2c3d7f3de494cd121e1e8aab0e1c7c55b225c,9f8a0de124a202e342ec6c909134912a8a18df1147a3f401a33307e56bc0fce0,12,51421,1784109153.9106693,1784109183.5579686,1784109183.5579686,200,17396.0,408.0,,response,,,29.64729928970337,,,False,0.10640621185302734,1060.0,True,False,False,1,False,,1,root,2,16831,0.3273176328737286,,,,,,,,,,,,,
385a9407-fcc0-4c14-bcd1-069c031e2b49,astropy__astropy-14365,astropy__astropy-14365,9f8a0de124a202e342ec6c909134912a8a18df1147a3f401a33307e56bc0fce0,agentic,header,6,proxy,Qwen/Qwen3-32B-FP8,False,/v1/chat/completions,28120dabd1d7ed7618c4cbc7e6db642af627889bdc4d1be11243c50c62f265c2,db2194b83aa2e09d43b7eaa744e1afad2a2bdfd0b76ccac039a238bce884c5b6,9f8a0de124a202e342ec6c909134912a8a18df1147a3f401a33307e56bc0fce0,14,55534,1784109184.7927985,1784109212.84549,1784109212.84549,200,18407.0,324.0,,response,,,28.05269145965576,,,False,1.2348299026489258,1011.0,True,False,False,1,False,,1,root,2,16831,0.3030755933302121,,,,,,,,,,,,,
c8cee35a-fc4b-49bb-822b-98626719fbbc,astropy__astropy-14365,astropy__astropy-14365,9f8a0de124a202e342ec6c909134912a8a18df1147a3f401a33307e56bc0fce0,agentic,header,7,proxy,Qwen/Qwen3-32B-FP8,False,/v1/chat/completions,b41091de1685025948560c48b29d5a9975501bb19d176acf081f0b3c50e5f550,361f296d4355be8687b6ae9594f73540b47ae520b576417dbd8c0021b6ba80db,9f8a0de124a202e342ec6c909134912a8a18df1147a3f401a33307e56bc0fce0,16,57725,1784109217.6178854,1784109231.2683816,1784109231.2683816,200,18879.0,209.0,,response,,,13.650496244430542,,,False,4.772395372390747,472.0,True,False,False,1,False,,1,root,2,16831,0.29157210913815507,,,,,,,,,,,,,
b819fadf-b960-4cf1-bcee-ec6cf31f5828,astropy__astropy-14365,astropy__astropy-14365,9f8a0de124a202e342ec6c909134912a8a18df1147a3f401a33307e56bc0fce0,agentic,header,8,proxy,Qwen/Qwen3-32B-FP8,False,/v1/chat/completions,26c60d664ee2bd42ce02708f69a3a1a37ece629c7107bc34a69574fc2efbb601,941eeac87f21ce0fc8d7f35ba5c9316b23b03fdf3e61c424eeadfaa62493e3b5,9f8a0de124a202e342ec6c909134912a8a18df1147a3f401a33307e56bc0fce0,18,59963,1784109260.8338082,1784109272.2484043,1784109272.2484043,200,19546.0,192.0,,response,,,11.41459608078003,,,False,29.56542658805847,667.0,True,False,False,1,False,,1,root,2,16831,0.2806897586845221,,,,,,,,,,,,,
073a302b-1ca6-45fe-8180-4ace0ed1a292,astropy__astropy-14365,astropy__astropy-14365,9f8a0de124a202e342ec6c909134912a8a18df1147a3f401a33307e56bc0fce0,agentic,header,9,proxy,Qwen/Qwen3-32B-FP8,False,/v1/chat/completions,ac1dc9895b7e513f47cdcf90843be664b958408fc2ec9880f32c60ec21f94ccb,5c15496c07a45c54a6965c4591bae471100633e3195e342b84a2d485ce958cba,9f8a0de124a202e342ec6c909134912a8a18df1147a3f401a33307e56bc0fce0,20,62151,1784109275.0043464,1784109292.145258,1784109292.145258,200,20049.0,320.0,,response,,,17.14091157913208,,,False,2.7559421062469482,503.0,True,False,False,1,False,,1,root,2,16831,0.2708081929494296,,,,,,,,,,,,,
87481bec-f7b1-4988-8dab-50f0b82b5800,astropy__astropy-14365,astropy__astropy-14365,9f8a0de124a202e342ec6c909134912a8a18df1147a3f401a33307e56bc0fce0,agentic,header,10,proxy,Qwen/Qwen3-32B-FP8,False,/v1/chat/completions,101c6bed504373e3bd07ccf6c5d9a8e03ee86eefd1b7af7a7e0b41ce928f3489,7ba0eb658c06dcc77fd0413d76456fd65c9646478109a1f475f9589198ebe15f,9f8a0de124a202e342ec6c909134912a8a18df1147a3f401a33307e56bc0fce0,22,67650,1784109301.5660162,1784109319.7413943,1784109319.7413943,200,21321.0,307.0,,response,,,18.17537808418274,,,False,9.420758247375488,1272.0,True,False,False,1,False,,1,root,2,16831,0.24879526977087954,,,,,,,,,,,,,
1cc938d1-f0e3-4411-bbd1-8ce45959496f,astropy__astropy-14365,astropy__astropy-14365,9f8a0de124a202e342ec6c909134912a8a18df1147a3f401a33307e56bc0fce0,agentic,header,11,proxy,Qwen/Qwen3-32B-FP8,False,/v1/chat/completions,8142337635e0a8b4defa98f05294d807e1058258c7eea9902a5c95a6e995ff6c,fb375cea00e76cf4bc80e4364efd4392e5297b3472abd983f38410e0ff18bf80,9f8a0de124a202e342ec6c909134912a8a18df1147a3f401a33307e56bc0fce0,24,69881,1784109338.7119563,1784109351.6615195,1784109351.6615195,200,21840.0,172.0,,response,,,12.949563264846802,,,False,18.970561981201172,519.0,True,False,False,1,False,,1,root,2,16831,0.24085230606316452,,,,,,,,,,,,,
63598563-ce1c-4f2d-b898-a9acb23e4ef7,astropy__astropy-14365,astropy__astropy-14365,9f8a0de124a202e342ec6c909134912a8a18df1147a3f401a33307e56bc0fce0,agentic,header,12,proxy,Qwen/Qwen3-32B-FP8,False,/v1/chat/completions,a44e950d1d59e08ef2bcd0c9fff3cf727e2a836bc72274b1d03d53b181189042,5b12a19c41a95a7d71dabac0cbba549ab49c21bf74cf0a953b133f9f7de47d9a,9f8a0de124a202e342ec6c909134912a8a18df1147a3f401a33307e56bc0fce0,26,74596,1784109360.0221443,1784109396.9975696,1784109396.9975696,200,22978.0,582.0,,response,,,36.975425243377686,,,False,8.36062479019165,1138.0,True,False,False,1,False,,1,root,2,16831,0.22562872003860796,,,,,,,,,,,,,
dd6044d7-1ccb-4a56-8261-95dbf0a64b79,astropy__astropy-14365,astropy__astropy-14365,9f8a0de124a202e342ec6c909134912a8a18df1147a3f401a33307e56bc0fce0,agentic,header,13,proxy,Qwen/Qwen3-32B-FP8,False,/v1/chat/completions,b342b1e3e7337eef13ee57988dd6ab9460d9b313968d6f9ea49408e288a106ff,427f3e000ee435a68574a401674d6c89fb9013b5860eb06c793edbfb59b78977,9f8a0de124a202e342ec6c909134912a8a18df1147a3f401a33307e56bc0fce0,28,77927,1784109424.0971377,1784109436.616835,1784109436.616835,200,23800.0,189.0,,response,,,12.519697427749634,,,False,27.099568128585815,822.0,True,False,False,1,False,,1,root,2,16831,0.21598419033197735,,,,,,,,,,,,,
dcf92597-9a68-4b5c-97d9-17ba9caf868a,astropy__astropy-14365,astropy__astropy-14365,9f8a0de124a202e342ec6c909134912a8a18df1147a3f401a33307e56bc0fce0,agentic,header,14,proxy,Qwen/Qwen3-32B-FP8,False,/v1/chat/completions,39ca6dd13d3be8382c4fbb89c408f2d4d09df405e77d35af93161f8ddc541697,3753ea1c5a0eb0b1c610d8c5c7219d79620f715f1feb5e2b040770fcc83df190,9f8a0de124a202e342ec6c909134912a8a18df1147a3f401a33307e56bc0fce0,30,82691,1784109444.9717283,1784109549.7018754,1784109549.7018754,200,24962.0,858.0,,response,,,104.73014712333679,,,False,8.354893207550049,1162.0,True,False,False,1,False,,1,root,2,16831,0.20354089320482277,,,,,,,,,,,,,
2835394e-f5a4-4d9e-87cb-ce84242efee9,astropy__astropy-12907,astropy__astropy-12907,a78f6a7b1fb8fec7dc7851f95dcc8e9d9f939fdaf8186e1ffeb1515daf0919c2,agentic,header,0,proxy,Qwen/Qwen3-32B-FP8,False,/v1/chat/completions,1d2da6d0569d145a76672d5d42cb581828ec69f47407eb003768aa6c8f9e493d,a78f6a7b1fb8fec7dc7851f95dcc8e9d9f939fdaf8186e1ffeb1515daf0919c2,a78f6a7b1fb8fec7dc7851f95dcc8e9d9f939fdaf8186e1ffeb1515daf0919c2,2,16722,1784109041.3185549,1784109085.5858057,1784109085.5858057,200,7490.0,1155.0,,response,,,44.267250776290894,,,False,,,False,True,False,1,False,,1,root,2,16722,1.0,,,,,,,,,,,,,
f92fbeac-75b6-4d75-bab6-ca7d9c06e503,astropy__astropy-12907,astropy__astropy-12907,a78f6a7b1fb8fec7dc7851f95dcc8e9d9f939fdaf8186e1ffeb1515daf0919c2,agentic,header,1,proxy,Qwen/Qwen3-32B-FP8,False,/v1/chat/completions,9c7d9b87a376824ce33f6420a8a9b0f1a6c08fdaa112df5fb83c982f6c04ea50,e73b817a62db673a81b154539c006094b229d2b53e1afa8c4496d5faa9116c03,a78f6a7b1fb8fec7dc7851f95dcc8e9d9f939fdaf8186e1ffeb1515daf0919c2,4,22943,1784109085.6694968,1784109128.010277,1784109128.010277,200,8663.0,911.0,,response,,,42.34078025817871,,,False,0.08369112014770508,1173.0,True,False,False,1,False,,1,root,2,16722,0.7288497580961514,,,,,,,,,,,,,
6e01eb49-c830-4c62-8fcc-3788f5826717,astropy__astropy-12907,astropy__astropy-12907,a78f6a7b1fb8fec7dc7851f95dcc8e9d9f939fdaf8186e1ffeb1515daf0919c2,agentic,header,2,proxy,Qwen/Qwen3-32B-FP8,False,/v1/chat/completions,b4cbc07ab30905375bbf893d2d6b891c43243d7d52c9a9d4dfc90bda42cebfc4,2ebf4544bf6fc42667bfa2d66435f30324cc9ede36b363729d12126d8c8da9c1,a78f6a7b1fb8fec7dc7851f95dcc8e9d9f939fdaf8186e1ffeb1515daf0919c2,6,28166,1784109128.0665023,1784109170.2953827,1784109170.2953827,200,9638.0,707.0,,response,,,42.228880405426025,,,False,0.05622529983520508,975.0,True,False,False,1,False,,1,root,2,16722,0.5936945253142086,,,,,,,,,,,,,
6e62e892-5be7-46ae-b8f1-2bd0d0a19da5,astropy__astropy-12907,astropy__astropy-12907,a78f6a7b1fb8fec7dc7851f95dcc8e9d9f939fdaf8186e1ffeb1515daf0919c2,agentic,header,3,proxy,Qwen/Qwen3-32B-FP8,False,/v1/chat/completions,45d58fd5aa18c2ddb802c689c23b65e2a55d2879f24e206005959aa7f69ca8c4,e0fd3a5f1793772a511e804985252049cab9faf3ddbdea2f63719d29c72e5a38,a78f6a7b1fb8fec7dc7851f95dcc8e9d9f939fdaf8186e1ffeb1515daf0919c2,8,32188,1784109171.2808473,1784109192.577478,1784109192.577478,200,10438.0,332.0,,response,,,21.29663062095642,,,False,0.9854645729064941,800.0,True,False,False,1,False,,1,root,2,16722,0.5195103765378402,,,,,,,,,,,,,
766fa88d-aa27-4f4b-9940-96b7ab25e8b1,astropy__astropy-12907,astropy__astropy-12907,a78f6a7b1fb8fec7dc7851f95dcc8e9d9f939fdaf8186e1ffeb1515daf0919c2,agentic,header,4,proxy,Qwen/Qwen3-32B-FP8,False,/v1/chat/completions,12aed677032f036ed34b235c7483dd4180f8c4e1881182fa34a0b681912c78b8,c20bf05ce0e332927695fe46e911ee0c6faacf5a0cd335185c638f89f824d575,a78f6a7b1fb8fec7dc7851f95dcc8e9d9f939fdaf8186e1ffeb1515daf0919c2,10,64336,1784109193.8319283,1784109245.5233984,1784109245.5233984,200,19702.0,748.0,,response,,,51.6914701461792,,,False,1.2544503211975098,9264.0,True,False,False,1,False,,1,root,2,16722,0.2599166873911962,,,,,,,,,,,,,
7097a705-e11f-484e-bd3b-1eee86bbf1b3,astropy__astropy-12907,astropy__astropy-12907,a78f6a7b1fb8fec7dc7851f95dcc8e9d9f939fdaf8186e1ffeb1515daf0919c2,agentic,header,5,proxy,Qwen/Qwen3-32B-FP8,False,/v1/chat/completions,d8c0d7e941ca14b605643ede586e9a4d6872056e65f932998dbde10788d6d6a5,563227a6ac2281641bd4219a8e16ed48c5560f35dbdab6843076a2cebc2c132c,a78f6a7b1fb8fec7dc7851f95dcc8e9d9f939fdaf8186e1ffeb1515daf0919c2,12,80697,1784109245.623407,1784109289.8922,1784109289.8922,200,24474.0,714.0,,response,,,44.2687931060791,,,False,0.10000848770141602,4772.0,True,False,False,1,False,,1,root,2,16722,0.2072195992416075,,,,,,,,,,,,,
0eb5f6d2-f623-4e14-962f-dfcbcd100497,astropy__astropy-12907,astropy__astropy-12907,a78f6a7b1fb8fec7dc7851f95dcc8e9d9f939fdaf8186e1ffeb1515daf0919c2,agentic,header,6,proxy,Qwen/Qwen3-32B-FP8,False,/v1/chat/completions,94fea1b3a667d7e436e76cec9bbd2093346f8f18f03196817449ebfbfa896799,72b02b5b1c791d032fa6436bdfbaaa1bcd759e07fa183b7a706a1fa22e3302b4,a78f6a7b1fb8fec7dc7851f95dcc8e9d9f939fdaf8186e1ffeb1515daf0919c2,14,84446,1784109289.9536312,1784109332.1122768,1784109332.1122768,200,25206.0,765.0,,response,,,42.15864562988281,,,False,0.061431169509887695,732.0,True,False,False,1,False,,1,root,2,16722,0.19802003647301233,,,,,,,,,,,,,
7cacd035-7d69-41af-8b99-6366b96c56ff,astropy__astropy-12907,astropy__astropy-12907,a78f6a7b1fb8fec7dc7851f95dcc8e9d9f939fdaf8186e1ffeb1515daf0919c2,agentic,header,7,proxy,Qwen/Qwen3-32B-FP8,False,/v1/chat/completions,337ba68e88ea214c36b7e59ead0bffaa73f6cd55cb5cf30e9df3c7a5709d30d8,7a39abc35394a72e2fff93e990269515614cf38b4fa9c691776677c3fd168764,a78f6a7b1fb8fec7dc7851f95dcc8e9d9f939fdaf8186e1ffeb1515daf0919c2,16,108664,1784109332.4589999,1784109397.9395473,1784109397.9395473,200,31762.0,898.0,,response,,,65.4805474281311,,,False,0.3467230796813965,6556.0,True,False,False,1,False,,1,root,2,16722,0.15388721195612162,,,,,,,,,,,,,
db62b824-11bc-4815-9cc1-3f3d6475bea6,astropy__astropy-12907,astropy__astropy-12907,a78f6a7b1fb8fec7dc7851f95dcc8e9d9f939fdaf8186e1ffeb1515daf0919c2,agentic,header,8,proxy,Qwen/Qwen3-32B-FP8,False,/v1/chat/completions,e2876091823034b2c19f90c88cd227e42399820e12c04284f601849e973083aa,3b1c381f30bd8ced3c104042b4d173bbf15c12d13963a3557f59ed22df760045,a78f6a7b1fb8fec7dc7851f95dcc8e9d9f939fdaf8186e1ffeb1515daf0919c2,18,113311,1784109398.0181763,1784109462.412703,1784109462.412703,200,32678.0,754.0,,response,,,64.394526720047,,,False,0.0786290168762207,916.0,True,False,False,1,False,,1,root,2,16722,0.14757614000405964,,,,,,,,,,,,,
6934589e-030a-4f8b-a5bb-d9a4a978660c,astropy__astropy-12907,astropy__astropy-12907,a78f6a7b1fb8fec7dc7851f95dcc8e9d9f939fdaf8186e1ffeb1515daf0919c2,agentic,header,9,proxy,Qwen/Qwen3-32B-FP8,False,/v1/chat/completions,63ccc672ff242eb0f9c3bca4646322737eeee72ca0d569cde0fc1a22e11e0220,119fae74e06743d55daf94936a5dae70b19ce8c0503b0570e93de7fae5731074,a78f6a7b1fb8fec7dc7851f95dcc8e9d9f939fdaf8186e1ffeb1515daf0919c2,20,117534,1784109462.513669,1784109569.8961952,1784109569.8961952,200,33534.0,575.0,,response,,,107.3825261592865,,,False,0.10096597671508789,856.0,True,False,False,1,False,,1,root,2,16722,0.14227372504977284,,,,,,,,,,,,,
aaa4ae89-a7e9-4e82-a1b1-1191ae55f201,astropy__astropy-12907,astropy__astropy-12907,a78f6a7b1fb8fec7dc7851f95dcc8e9d9f939fdaf8186e1ffeb1515daf0919c2,agentic,header,10,proxy,Qwen/Qwen3-32B-FP8,False,/v1/chat/completions,a1e3d89c29a90415c15dc6acf6d395e5ae6c0db6c64c4287c8a87d1bf937c13d,a1ee14a3152599c6125f8464c0d580127980254a770332127eae2c4130a8b8d5,a78f6a7b1fb8fec7dc7851f95dcc8e9d9f939fdaf8186e1ffeb1515daf0919c2,22,140634,1784109570.0338383,1784109625.3345742,1784109625.3345742,200,39900.0,898.0,,response,,,55.30073595046997,,,False,0.13764309883117676,6366.0,True,False,False,1,False,,1,root,2,16722,0.11890439011903238,,,,,,,,,,,,,
3949a51d-5190-4466-93dc-b92b1389731d,astropy__astropy-12907,astropy__astropy-12907,a78f6a7b1fb8fec7dc7851f95dcc8e9d9f939fdaf8186e1ffeb1515daf0919c2,agentic,header,11,proxy,Qwen/Qwen3-32B-FP8,False,/v1/chat/completions,c07ec54902e2ffbbd09d6a8cb2850f11fe52936bacb6ecdb36b1611bac2c9617,d69495b8ecf82bfd5137d96877e90d37e7ec95b784bf2f2be44932986adc670c,a78f6a7b1fb8fec7dc7851f95dcc8e9d9f939fdaf8186e1ffeb1515daf0919c2,24,145281,1784109625.4570186,1784109631.4523563,1784109631.4523563,200,40816.0,144.0,,response,,,5.995337724685669,,,False,0.12244439125061035,916.0,True,False,False,1,False,,1,root,2,16722,0.11510107997604642,,,,,,,,,,,,,
f4304c1d-a773-43b4-837f-bb238e8ed981,astropy__astropy-14995,astropy__astropy-14995,b0467d3192bf7bc69370318e05919da10a8b2c800ed75c9d23fa26cd45819d1d,agentic,header,0,proxy,Qwen/Qwen3-32B-FP8,False,/v1/chat/completions,1d2da6d0569d145a76672d5d42cb581828ec69f47407eb003768aa6c8f9e493d,b0467d3192bf7bc69370318e05919da10a8b2c800ed75c9d23fa26cd45819d1d,b0467d3192bf7bc69370318e05919da10a8b2c800ed75c9d23fa26cd45819d1d,2,17981,1784109036.5695508,1784109067.089763,1784109067.089763,200,7916.0,605.0,,response,,,30.520212173461914,,,False,,,False,True,False,1,False,,1,root,2,17981,1.0,,,,,,,,,,,,,
bd96de28-2dec-4711-8ac0-f1e96755c193,astropy__astropy-14995,astropy__astropy-14995,b0467d3192bf7bc69370318e05919da10a8b2c800ed75c9d23fa26cd45819d1d,agentic,header,1,proxy,Qwen/Qwen3-32B-FP8,False,/v1/chat/completions,162eb7ed62ff68832aa9b9ce73da97024512c2d025ec7b54c8899fe1a4bcb22e,b5df0e6ee4fd79e09f568044ebe7571cef3ce9092f7307c05d8c40c76d0cd162,b0467d3192bf7bc69370318e05919da10a8b2c800ed75c9d23fa26cd45819d1d,4,21000,1784109067.175468,1784109082.977857,1784109082.977857,200,8539.0,473.0,,response,,,15.802389144897461,,,False,0.08570504188537598,623.0,True,False,False,1,False,,1,root,2,17981,0.8562380952380952,,,,,,,,,,,,,
8abd72c3-9754-4654-be3c-06cf592b4a26,astropy__astropy-14995,astropy__astropy-14995,b0467d3192bf7bc69370318e05919da10a8b2c800ed75c9d23fa26cd45819d1d,agentic,header,2,proxy,Qwen/Qwen3-32B-FP8,False,/v1/chat/completions,079e7eab4ba04a2a84143feeeb99ea489226b540551272fec8dd95634dd5d224,c9b9633910ad6a8aed1fbe542cb061f7da55688a976660029c0f8f05de24ee03,b0467d3192bf7bc69370318e05919da10a8b2c800ed75c9d23fa26cd45819d1d,6,23670,1784109083.9493968,1784109097.983672,1784109097.983672,200,9111.0,407.0,,response,,,14.03427505493164,,,False,0.9715397357940674,572.0,True,False,False,1,False,,1,root,2,17981,0.7596535699197297,,,,,,,,,,,,,
4049dfe7-8d63-481d-9bef-c6768ac9cf82,astropy__astropy-14995,astropy__astropy-14995,b0467d3192bf7bc69370318e05919da10a8b2c800ed75c9d23fa26cd45819d1d,agentic,header,3,proxy,Qwen/Qwen3-32B-FP8,False,/v1/chat/completions,ffa05335c66e32c2903a55ba0b480b1a6b56992ceea58f35c450dc35911bd80c,555f13365286dc2e4c196f0ca16046e21af29305edba2261759a222a00bd5e4f,b0467d3192bf7bc69370318e05919da10a8b2c800ed75c9d23fa26cd45819d1d,8,26031,1784109098.700597,1784109120.4792686,1784109120.4792686,200,9599.0,325.0,,response,,,21.778671503067017,,,False,0.7169251441955566,488.0,True,False,False,1,False,,1,root,2,17981,0.6907533325650186,,,,,,,,,,,,,
9adbcae8-a3e3-4826-8d3f-8fda3ec4b809,astropy__astropy-14995,astropy__astropy-14995,b0467d3192bf7bc69370318e05919da10a8b2c800ed75c9d23fa26cd45819d1d,agentic,header,4,proxy,Qwen/Qwen3-32B-FP8,False,/v1/chat/completions,c69f2af4b6932cc022398ba09317e04862d01ede84e7f23f641f1d87ef4ea496,7393704aca4a67c5ae86f32f08127f4dc4f1ed754b4d24dc4d094c502fc140c7,b0467d3192bf7bc69370318e05919da10a8b2c800ed75c9d23fa26cd45819d1d,10,28259,1784109128.2943482,1784109149.1775215,1784109149.1775215,200,10094.0,375.0,,response,,,20.88317322731018,,,False,7.815079689025879,495.0,True,False,False,1,False,,1,root,2,17981,0.6362928624509006,,,,,,,,,,,,,
77fd93fe-5da6-491c-b7f7-1631f9db5a4f,astropy__astropy-14995,astropy__astropy-14995,b0467d3192bf7bc69370318e05919da10a8b2c800ed75c9d23fa26cd45819d1d,agentic,header,5,proxy,Qwen/Qwen3-32B-FP8,False,/v1/chat/completions,b1e4f30dceced9fe9a4e6bd48d2b7c461688047f8e9e4541c1321a652a6f6720,238068f24ed74de6b0d889dc3848b1913ae13d5534dc260fd0b18540ee222fdb,b0467d3192bf7bc69370318e05919da10a8b2c800ed75c9d23fa26cd45819d1d,12,30299,1784109149.2243924,1784109164.8333712,1784109164.8333712,200,10513.0,206.0,,response,,,15.608978748321533,,,False,0.04687094688415527,419.0,True,False,False,1,False,,1,root,2,17981,0.5934519291065712,,,,,,,,,,,,,
e473a33e-edbc-4f02-aef1-7fd6ab50cfeb,astropy__astropy-14995,astropy__astropy-14995,b0467d3192bf7bc69370318e05919da10a8b2c800ed75c9d23fa26cd45819d1d,agentic,header,6,proxy,Qwen/Qwen3-32B-FP8,False,/v1/chat/completions,30f0a0efbef470cdfb68c204fa73c4a4f135aa2621b952a3617505af89976769,bc881a4b5240ecc642af2833a0789854a975fd41501f353f3865535291a3aed7,b0467d3192bf7bc69370318e05919da10a8b2c800ed75c9d23fa26cd45819d1d,14,31649,1784109164.897437,1784109183.1770625,1784109183.1770625,200,10833.0,288.0,,response,,,18.279625415802002,,,False,0.06406593322753906,320.0,True,False,False,1,False,,1,root,2,17981,0.5681380138392998,,,,,,,,,,,,,
acce4c1b-faec-4427-bc29-0b1cdf917012,astropy__astropy-14995,astropy__astropy-14995,b0467d3192bf7bc69370318e05919da10a8b2c800ed75c9d23fa26cd45819d1d,agentic,header,7,proxy,Qwen/Qwen3-32B-FP8,False,/v1/chat/completions,77defdc5d5ed36e760916defe5b1d244bc1ee6b6628aecc6f70b2e45fff352b8,9ca3155a53602daa6d134160994f1b8a5b37025ac20b81c6bf8b75fde3417a33,b0467d3192bf7bc69370318e05919da10a8b2c800ed75c9d23fa26cd45819d1d,16,33271,1784109183.896416,1784109205.9959476,1784109205.9959476,200,11210.0,307.0,,response,,,22.099531650543213,,,False,0.719353437423706,377.0,True,False,False,1,False,,1,root,2,17981,0.5404406239668179,,,,,,,,,,,,,
c0a3257f-c9c5-47aa-ba2b-44c919f4db29,astropy__astropy-14995,astropy__astropy-14995,b0467d3192bf7bc69370318e05919da10a8b2c800ed75c9d23fa26cd45819d1d,agentic,header,8,proxy,Qwen/Qwen3-32B-FP8,False,/v1/chat/completions,95302d6738e5a8c30de1aa1965ac7b2a6ccf00e17d73ae20a5a94347682a97ec,8077416890eae72fdfa8fec2b4c2fa2465557eebb8edb61d998cfedff39240e2,b0467d3192bf7bc69370318e05919da10a8b2c800ed75c9d23fa26cd45819d1d,18,53644,1784109206.1278548,1784109222.0477762,1784109222.0477762,200,16806.0,206.0,,response,,,15.919921398162842,,,False,0.13190722465515137,5596.0,True,False,False,1,False,,1,root,2,17981,0.33519126090522705,,,,,,,,,,,,,
d4ecc19c-2c83-4d44-a3ab-72966e75be61,astropy__astropy-14995,astropy__astropy-14995,b0467d3192bf7bc69370318e05919da10a8b2c800ed75c9d23fa26cd45819d1d,agentic,header,9,proxy,Qwen/Qwen3-32B-FP8,False,/v1/chat/completions,e841d96fbbf3018632aa692a453c235b5acca575b99c3232c4e59efec0e3d69e,5a4f35ed19bc97059783a74fb3960688e81855d1ca97d224fc9a7b957e2f94a8,b0467d3192bf7bc69370318e05919da10a8b2c800ed75c9d23fa26cd45819d1d,20,55208,1784109222.7747912,1784109233.1077666,1784109233.1077666,200,17151.0,170.0,,response,,,10.332975387573242,,,False,0.7270150184631348,345.0,True,False,False,1,False,,1,root,2,17981,0.32569555136936673,,,,,,,,,,,,,
485db07a-2403-42fa-a01f-45499d52b8d0,astropy__astropy-14995,astropy__astropy-14995,b0467d3192bf7bc69370318e05919da10a8b2c800ed75c9d23fa26cd45819d1d,agentic,header,10,proxy,Qwen/Qwen3-32B-FP8,False,/v1/chat/completions,c6267594b22b2f41dea8dcabc2e356daf94cbdbcd2be99513a2ea5e35f5bb3a4,f6268604b39dc5e4f7a499538ba267ab1ae6d960e7aea78bc4fbbe7c06d04159,b0467d3192bf7bc69370318e05919da10a8b2c800ed75c9d23fa26cd45819d1d,22,59017,1784109233.2203486,1784109238.9393015,1784109238.9393015,200,18179.0,114.0,,response,,,5.718952894210815,,,False,0.11258196830749512,1028.0,True,False,False,1,False,,1,root,2,17981,0.3046749241743904,,,,,,,,,,,,,
3cfb52dd-fa72-45ec-8b52-6cba9d324f91,astropy__astropy-14995,astropy__astropy-14995,b0467d3192bf7bc69370318e05919da10a8b2c800ed75c9d23fa26cd45819d1d,agentic,header,11,proxy,Qwen/Qwen3-32B-FP8,False,/v1/chat/completions,addc00ff5607f965593df901f73e9b1526f43707a8c604108e8084decd79b23b,6390a43af9060a2bcb21405785c36b819f717feaf38e167d40fe1bc6ede7c426,b0467d3192bf7bc69370318e05919da10a8b2c800ed75c9d23fa26cd45819d1d,24,62695,1784109239.0287461,1784109251.599342,1784109251.599342,200,19359.0,184.0,,response,,,12.570595979690552,,,False,0.08944463729858398,1180.0,True,False,False,1,False,,1,root,2,17981,0.2868011803174097,,,,,,,,,,,,,
047abef2-ffea-433c-8b30-30024bfe3955,astropy__astropy-14995,astropy__astropy-14995,b0467d3192bf7bc69370318e05919da10a8b2c800ed75c9d23fa26cd45819d1d,agentic,header,12,proxy,Qwen/Qwen3-32B-FP8,False,/v1/chat/completions,b67f0b5cf2593118f69b304d222ced0a24c97a898e69a76a765839035b8dcfa7,510e13ecde41de8dddfffafba6d69ac4f2366b0cb8800e14eefcf0d9cec659f3,b0467d3192bf7bc69370318e05919da10a8b2c800ed75c9d23fa26cd45819d1d,26,83617,1784109251.7096143,1784109298.619053,1784109298.619053,200,25222.0,804.0,,response,,,46.909438610076904,,,False,0.11027216911315918,5863.0,True,False,False,1,False,,1,root,2,17981,0.215040003826973,,,,,,,,,,,,,
afbb79d9-4de7-4d06-ae0f-aeb5f20736ce,astropy__astropy-14995,astropy__astropy-14995,b0467d3192bf7bc69370318e05919da10a8b2c800ed75c9d23fa26cd45819d1d,agentic,header,13,proxy,Qwen/Qwen3-32B-FP8,False,/v1/chat/completions,885ced820381683842e1489db525e8b2320257b15388280998702211ae86d83a,3fc34afd79bfea9ac7404cb55eb9e326d463cf31474e54b70f9a490ada327333,b0467d3192bf7bc69370318e05919da10a8b2c800ed75c9d23fa26cd45819d1d,28,89315,1784109298.7436736,1784109315.0039043,1784109315.0039043,200,26594.0,289.0,,response,,,16.260230779647827,,,False,0.12462067604064941,1372.0,True,False,False,1,False,,1,root,2,17981,0.2013211666573364,,,,,,,,,,,,,
8a016ec7-61ff-40ef-a17e-0095787661bd,astropy__astropy-14995,astropy__astropy-14995,b0467d3192bf7bc69370318e05919da10a8b2c800ed75c9d23fa26cd45819d1d,agentic,header,14,proxy,Qwen/Qwen3-32B-FP8,False,/v1/chat/completions,7a148ba88b327267048163358d6eb75df585843566d5ac336be239f0f75febd2,6e5670baaadf35ecca0025f5657d599a15698b285a41c370b9ce44a0bebffefb,b0467d3192bf7bc69370318e05919da10a8b2c800ed75c9d23fa26cd45819d1d,30,96027,1784109315.1020112,1784109351.4317925,1784109351.4317925,200,28327.0,495.0,,response,,,36.32978129386902,,,False,0.09810686111450195,1733.0,True,False,False,1,False,,1,root,2,17981,0.1872494194341175,,,,,,,,,,,,,
dad0fce4-83ce-44f8-a0cc-8e6d295f922a,astropy__astropy-14995,astropy__astropy-14995,b0467d3192bf7bc69370318e05919da10a8b2c800ed75c9d23fa26cd45819d1d,agentic,header,15,proxy,Qwen/Qwen3-32B-FP8,False,/v1/chat/completions,84e8f5c6b6ccae403c99b1c3a2feafbfc74b657f883989f8ff92653db9f5e037,ef67d6501416d317295d25f9a7cc54e1061e202491c0f0113e2611bf450da4c8,b0467d3192bf7bc69370318e05919da10a8b2c800ed75c9d23fa26cd45819d1d,32,103188,1784109351.5598254,1784109381.7944586,1784109381.7944586,200,30121.0,462.0,,response,,,30.234633207321167,,,False,0.12803292274475098,1794.0,True,False,False,1,False,,1,root,2,17981,0.1742547583052293,,,,,,,,,,,,,
9c4d6282-cf27-4770-9300-74e965c89ad0,astropy__astropy-14995,astropy__astropy-14995,b0467d3192bf7bc69370318e05919da10a8b2c800ed75c9d23fa26cd45819d1d,agentic,header,16,proxy,Qwen/Qwen3-32B-FP8,False,/v1/chat/completions,63b3c6bf20fe1c4c6b17bb6d26c4afb15da8c02604ed22a06cd1d109176cbfc5,209536af133ab293baf7de8a1ffc0309e5645d71867b83368c3a570c092562cf,b0467d3192bf7bc69370318e05919da10a8b2c800ed75c9d23fa26cd45819d1d,34,110417,1784109381.9368544,1784109400.1546562,1784109400.1546562,200,31953.0,306.0,,response,,,18.217801809310913,,,False,0.1423957347869873,1832.0,True,False,False,1,False,,1,root,2,17981,0.16284630084135596,,,,,,,,,,,,,
460bdf99-b47d-4d39-a516-bc713f337c75,astropy__astropy-14995,astropy__astropy-14995,b0467d3192bf7bc69370318e05919da10a8b2c800ed75c9d23fa26cd45819d1d,agentic,header,17,proxy,Qwen/Qwen3-32B-FP8,False,/v1/chat/completions,d3579f62e83acfca8f4963833af76dac90c1916e32765a198b1d568a6116cd02,38c665c9d73e462b7dfe27e69f8e71e1f51e575ad94a247135c1377b63b7431e,b0467d3192bf7bc69370318e05919da10a8b2c800ed75c9d23fa26cd45819d1d,36,116431,1784109400.3058527,1784109446.243837,1784109446.243837,200,33555.0,620.0,,response,,,45.937984466552734,,,False,0.15119647979736328,1602.0,True,False,False,1,False,,1,root,2,17981,0.15443481547010676,,,,,,,,,,,,,
ba8eebbd-11d6-4d9b-b312-da8558351660,astropy__astropy-14995,astropy__astropy-14995,b0467d3192bf7bc69370318e05919da10a8b2c800ed75c9d23fa26cd45819d1d,agentic,header,18,proxy,Qwen/Qwen3-32B-FP8,False,/v1/chat/completions,f804d8fa7408ff6da931761e416e5a374399747991b9f757039dc0ff9bbb91cb,16a1df59e70d04a49bccb2837da37af8867b1f731881206b5afd0d84e5f5a1d5,b0467d3192bf7bc69370318e05919da10a8b2c800ed75c9d23fa26cd45819d1d,38,120891,1784109446.4410658,1784109504.7793097,1784109504.7793097,200,34594.0,432.0,,response,,,58.33824396133423,,,False,0.19722867012023926,1039.0,True,False,False,1,False,,1,root,2,17981,0.14873729227155041,,,,,,,,,,,,,
ed84cd22-bac5-43a3-9bef-d4424af2dfc2,astropy__astropy-14995,astropy__astropy-14995,b0467d3192bf7bc69370318e05919da10a8b2c800ed75c9d23fa26cd45819d1d,agentic,header,19,proxy,Qwen/Qwen3-32B-FP8,False,/v1/chat/completions,eee9f04ff7e99e6261d5240ce7288a4d3f2f43d2d95745f3a1ada933ab62cf2a,f6c586dad2b891272bf477548921bb04c01e19106c04f27cb48d47dc0bd0a718,b0467d3192bf7bc69370318e05919da10a8b2c800ed75c9d23fa26cd45819d1d,40,123321,1784109506.6425748,1784109515.3126006,1784109515.3126006,200,35138.0,141.0,,response,,,8.670025825500488,,,False,1.863265037536621,544.0,True,False,False,1,False,,1,root,2,17981,0.1458064725391458,,,,,,,,,,,,,
6770b1e4-15ad-42c1-aacf-cec3bd5491e6,astropy__astropy-14995,astropy__astropy-14995,b0467d3192bf7bc69370318e05919da10a8b2c800ed75c9d23fa26cd45819d1d,agentic,header,20,proxy,Qwen/Qwen3-32B-FP8,False,/v1/chat/completions,e97ddca2af7eb5503ed4da85bb1e516aed144b68e5efce948e199efbd39b32e8,3ad3be06618f30a8fa7bbbb5dff3c4b21203bad88334f72e542e6a94298a7c35,b0467d3192bf7bc69370318e05919da10a8b2c800ed75c9d23fa26cd45819d1d,42,124537,1784109516.0937588,1784109588.9877315,1784109588.9877315,200,35378.0,242.0,,response,,,72.89397263526917,,,False,0.7811582088470459,240.0,True,False,False,1,False,,1,root,2,17981,0.14438279386848887,,,,,,,,,,,,,
48dd34bd-1d95-4ebc-817b-b8e124062257,astropy__astropy-14995,astropy__astropy-14995,b0467d3192bf7bc69370318e05919da10a8b2c800ed75c9d23fa26cd45819d1d,agentic,header,21,proxy,Qwen/Qwen3-32B-FP8,False,/v1/chat/completions,419afe434c64dc19541ed18df397f4cc9cbf96bb7362ac3d52e59d7f06f640bf,d1afc45a91713992d0a0b0b776f97fa946c8953246fb3513af320575c7d6c183,b0467d3192bf7bc69370318e05919da10a8b2c800ed75c9d23fa26cd45819d1d,44,126183,1784109589.785201,1784109618.265855,1784109618.265855,200,35699.0,522.0,,response,,,28.480654001235962,,,False,0.7974696159362793,321.0,True,False,False,1,False,,1,root,2,17981,0.1424993858126689,,,,,,,,,,,,,
fa7cdec7-36eb-4e18-81d9-1ea1748454fe,astropy__astropy-14995,astropy__astropy-14995,b0467d3192bf7bc69370318e05919da10a8b2c800ed75c9d23fa26cd45819d1d,agentic,header,22,proxy,Qwen/Qwen3-32B-FP8,False,/v1/chat/completions,46e99ed2bec4691ff93290219dead368547255581492edd089692c661baa7840,c8837b682f9f2825e9b41cce300815b92bf41e6ae733d09227abc9939bf38206,b0467d3192bf7bc69370318e05919da10a8b2c800ed75c9d23fa26cd45819d1d,46,129398,1784109619.0301166,1784109656.4871368,1784109656.4871368,200,36421.0,1096.0,,response,,,37.45702028274536,,,False,0.7642614841461182,722.0,True,False,False,1,False,,1,root,2,17981,0.13895887107992397,,,,,,,,,,,,,
1b6ab361-6e7d-45a4-a11d-8919fa03d555,astropy__astropy-14995,astropy__astropy-14995,b0467d3192bf7bc69370318e05919da10a8b2c800ed75c9d23fa26cd45819d1d,agentic,header,23,proxy,Qwen/Qwen3-32B-FP8,False,/v1/chat/completions,959635dd78c80243d938dfc5c8f30ddb5a7d9b3814d9e06510c60314c1a01c15,3bcca26166d7be3062bb967d1ee9b54776c9c0f0738702ad4cf7b252add9a317,b0467d3192bf7bc69370318e05919da10a8b2c800ed75c9d23fa26cd45819d1d,48,135252,1784109660.802905,1784109667.715888,1784109667.715888,200,37669.0,217.0,,response,,,6.912982940673828,,,False,4.315768241882324,1248.0,True,False,False,1,False,,1,root,2,17981,0.13294442965723244,,,,,,,,,,,,,
4162234f-9214-416c-a325-e486b6b03cd1,astropy__astropy-14995,astropy__astropy-14995,b0467d3192bf7bc69370318e05919da10a8b2c800ed75c9d23fa26cd45819d1d,agentic,header,24,proxy,Qwen/Qwen3-32B-FP8,False,/v1/chat/completions,7d7b31bb47178083d558487b068949a605b6ab381854e2f47e9c5ee9ba2282ad,560dd46f8218f9555e729c07aec565db06de1a8e3637f375bd1eb917ce698543,b0467d3192bf7bc69370318e05919da10a8b2c800ed75c9d23fa26cd45819d1d,50,136760,1784109668.5204103,1784109679.434898,1784109679.434898,200,37986.0,347.0,,response,,,10.914487600326538,,,False,0.8045222759246826,317.0,True,False,False,1,False,,1,root,2,17981,0.13147850248610704,,,,,,,,,,,,,
66bb9944-ac4f-41f9-9354-d5b995b8da0c,astropy__astropy-14995,astropy__astropy-14995,b0467d3192bf7bc69370318e05919da10a8b2c800ed75c9d23fa26cd45819d1d,agentic,header,25,proxy,Qwen/Qwen3-32B-FP8,False,/v1/chat/completions,d44cc40653cab6e75c51a4c39bd279fb8367b0722411b5d07ae38740c2e44735,06699aa896b183eb12489418727b29458cc6c3acd6cc9f42580a912b80bc63bc,b0467d3192bf7bc69370318e05919da10a8b2c800ed75c9d23fa26cd45819d1d,52,139212,1784109680.2535734,1784109691.7148204,1784109691.7148204,200,38533.0,358.0,,response,,,11.461246967315674,,,False,0.8186755180358887,547.0,True,False,False,1,False,,1,root,2,17981,0.12916271585782835,,,,,,,,,,,,,
f0451693-a871-45f3-b694-2499b4797f38,astropy__astropy-14995,astropy__astropy-14995,b0467d3192bf7bc69370318e05919da10a8b2c800ed75c9d23fa26cd45819d1d,agentic,header,26,proxy,Qwen/Qwen3-32B-FP8,False,/v1/chat/completions,4425a7157d2a0859e25ee2242a3fe7db29af542c123b7e53bf3b58c5b0535a4a,49ba0b8742f03dc255c44e26c336804811bb5aa4f96255f802cc456f00db3d6f,b0467d3192bf7bc69370318e05919da10a8b2c800ed75c9d23fa26cd45819d1d,54,142139,1784109724.2894344,1784109737.883516,1784109737.883516,200,39147.0,427.0,,response,,,13.59408164024353,,,False,32.57461404800415,614.0,True,False,False,1,False,,1,root,2,17981,0.12650293023026757,,,,,,,,,,,,,
57304ba6-a224-495f-9adf-f0cbb8e1da42,astropy__astropy-14995,astropy__astropy-14995,b0467d3192bf7bc69370318e05919da10a8b2c800ed75c9d23fa26cd45819d1d,agentic,header,27,proxy,Qwen/Qwen3-32B-FP8,False,/v1/chat/completions,86b0cebd3c3c69f8c140b6503d742296250190184200d71e9c82221377b93a4b,1be11ce3e80b3e0c53a901427a455f697f4b692deace188844ba96fa07476745,b0467d3192bf7bc69370318e05919da10a8b2c800ed75c9d23fa26cd45819d1d,56,145069,1784109739.7238605,1784109757.735932,1784109757.735932,200,39739.0,570.0,,response,,,18.01207160949707,,,False,1.8403444290161133,592.0,True,False,False,1,False,,1,root,2,17981,0.12394791444071442,,,,,,,,,,,,,
ce184e5d-5858-44c0-b4ef-d1863d546df5,astropy__astropy-14995,astropy__astropy-14995,b0467d3192bf7bc69370318e05919da10a8b2c800ed75c9d23fa26cd45819d1d,agentic,header,28,proxy,Qwen/Qwen3-32B-FP8,False,/v1/chat/completions,561d59224ec36f94f871ccc48aef08e4e15032fcf74724f06e4712377387d926,2d42d23a92af62f25f8e69e7fb20910db8a86f23ec9c21d4711471bc2038125e,b0467d3192bf7bc69370318e05919da10a8b2c800ed75c9d23fa26cd45819d1d,58,151810,1784109767.1557314,1784109767.2555041,1784109767.2555041,400,,,,,,,0.09977269172668457,,,False,9.419799327850342,,True,False,False,1,False,,1,root,2,17981,0.1184441077662868,,,,,,,,,,,,,
52a8075f-566e-43f8-b523-e71974aa76b3,astropy__astropy-6938,astropy__astropy-6938,df377ff40f6e4cf8e29ec7ca8f82a4d242c0ee10ebd60e23f775e986e0cceb73,agentic,header,0,proxy,Qwen/Qwen3-32B-FP8,False,/v1/chat/completions,1d2da6d0569d145a76672d5d42cb581828ec69f47407eb003768aa6c8f9e493d,df377ff40f6e4cf8e29ec7ca8f82a4d242c0ee10ebd60e23f775e986e0cceb73,df377ff40f6e4cf8e29ec7ca8f82a4d242c0ee10ebd60e23f775e986e0cceb73,2,15943,1784109046.579909,1784109068.8735545,1784109068.8735545,200,7283.0,599.0,,response,,,22.29364538192749,,,False,,,False,True,False,1,False,,1,root,2,15943,1.0,,,,,,,,,,,,,
521f0c8a-1163-4e0d-8135-87a5288100d7,astropy__astropy-6938,astropy__astropy-6938,df377ff40f6e4cf8e29ec7ca8f82a4d242c0ee10ebd60e23f775e986e0cceb73,agentic,header,1,proxy,Qwen/Qwen3-32B-FP8,False,/v1/chat/completions,7dd167e92cc7ae2029535d99767e6d5ece2d7b7d2106afdb4ca4600075f2ae35,d70fe6ca98cb8ac9149849a5d201f492ef67688c4da52220ffebff44246bb2f8,df377ff40f6e4cf8e29ec7ca8f82a4d242c0ee10ebd60e23f775e986e0cceb73,4,19234,1784109068.9459686,1784109081.6531694,1784109081.6531694,200,7950.0,384.0,,response,,,12.707200765609741,,,False,0.07241415977478027,667.0,True,False,False,1,False,,1,root,2,15943,0.8288967453467817,,,,,,,,,,,,,
db455501-b3c7-4cc7-8afe-e9f3c7319f5c,astropy__astropy-6938,astropy__astropy-6938,df377ff40f6e4cf8e29ec7ca8f82a4d242c0ee10ebd60e23f775e986e0cceb73,agentic,header,2,proxy,Qwen/Qwen3-32B-FP8,False,/v1/chat/completions,fa4f336bfeb21ed36557e4d2b1e3a00b8af530ef63e069b217fb0b1c143a8819,eee68152e34d30cfb6db675365d08d73a594a4cdfc4c6a28f41d6da2fd43b69b,df377ff40f6e4cf8e29ec7ca8f82a4d242c0ee10ebd60e23f775e986e0cceb73,6,21478,1784109082.6274981,1784109095.0344,1784109095.0344,200,8432.0,361.0,,response,,,12.406901836395264,,,False,0.9743287563323975,482.0,True,False,False,1,False,,1,root,2,15943,0.7422944408231679,,,,,,,,,,,,,
c28a58a3-a7b1-4692-910b-fbd604a648cf,astropy__astropy-6938,astropy__astropy-6938,df377ff40f6e4cf8e29ec7ca8f82a4d242c0ee10ebd60e23f775e986e0cceb73,agentic,header,3,proxy,Qwen/Qwen3-32B-FP8,False,/v1/chat/completions,bcdf88daf0a721ec00217735764eb00dd9c24245b857c7e2c87b3c7161afd0c2,d8dd77e0aecd7809ee6110d3d71b7cbec38642d756b068305a3286e2fa02cfa8,df377ff40f6e4cf8e29ec7ca8f82a4d242c0ee10ebd60e23f775e986e0cceb73,8,23663,1784109095.7447772,1784109136.8227203,1784109136.8227203,200,8885.0,708.0,,response,,,41.077943086624146,,,False,0.7103772163391113,453.0,True,False,False,1,False,,1,root,2,15943,0.6737522714786798,,,,,,,,,,,,,
9ec5f632-76ca-4e2d-8436-cce3bc8f4386,astropy__astropy-6938,astropy__astropy-6938,df377ff40f6e4cf8e29ec7ca8f82a4d242c0ee10ebd60e23f775e986e0cceb73,agentic,header,4,proxy,Qwen/Qwen3-32B-FP8,False,/v1/chat/completions,33fe1912855e41b57233ac24ee31f19f1c530892ef20ff4441990af7b5a55870,a3f60bf1cf63d8a3eda73a35ff5badc5468050754d397240e05ef703fa96b046,df377ff40f6e4cf8e29ec7ca8f82a4d242c0ee10ebd60e23f775e986e0cceb73,10,27374,1784109137.5326142,1784109153.2688534,1784109153.2688534,200,9686.0,355.0,,response,,,15.736239194869995,,,False,0.7098939418792725,801.0,True,False,False,1,False,,1,root,2,15943,0.5824139694600716,,,,,,,,,,,,,
bcf2195a-157b-48cb-9b8e-2a19a3345707,astropy__astropy-6938,astropy__astropy-6938,df377ff40f6e4cf8e29ec7ca8f82a4d242c0ee10ebd60e23f775e986e0cceb73,agentic,header,5,proxy,Qwen/Qwen3-32B-FP8,False,/v1/chat/completions,4394c480f95911f65d09c133f50568e2066001a783db43b36109e43d131c25c6,c5406802cd23e496cc714e10fef260adf1a12a8cb91006f1be0a5a8c5606d4b0,df377ff40f6e4cf8e29ec7ca8f82a4d242c0ee10ebd60e23f775e986e0cceb73,12,59457,1784109154.5280607,1784109173.5254054,1784109173.5254054,200,19187.0,280.0,,response,,,18.997344732284546,,,False,1.2592072486877441,9501.0,True,False,False,1,False,,1,root,2,15943,0.26814336411187917,,,,,,,,,,,,,
5aebaf50-b8be-456d-acf6-7cb891384b2b,astropy__astropy-6938,astropy__astropy-6938,df377ff40f6e4cf8e29ec7ca8f82a4d242c0ee10ebd60e23f775e986e0cceb73,agentic,header,6,proxy,Qwen/Qwen3-32B-FP8,False,/v1/chat/completions,51e2cad7ed21d864ed2368c490bbd73718b344f4803f125a84395ba845bd2bba,9590dca636343e6de13139d95fc4def2f300eef227701e488a69d9f5d145e862,df377ff40f6e4cf8e29ec7ca8f82a4d242c0ee10ebd60e23f775e986e0cceb73,14,81008,1784109173.6682794,1784109230.9071023,1784109230.9071023,200,25363.0,765.0,,response,,,57.23882293701172,,,False,0.14287400245666504,6176.0,True,False,False,1,False,,1,root,2,15943,0.19680772269405492,,,,,,,,,,,,,
19d9b719-1a99-4df0-8d0b-ab4f097185f8,django__django-10914,django__django-10914,f13879c90b8fb44af817d5a5fa71cb0bd2716dc76cd2c6e5f0a6c57b9ec4fe92,agentic,header,0,proxy,Qwen/Qwen3-32B-FP8,False,/v1/chat/completions,1d2da6d0569d145a76672d5d42cb581828ec69f47407eb003768aa6c8f9e493d,f13879c90b8fb44af817d5a5fa71cb0bd2716dc76cd2c6e5f0a6c57b9ec4fe92,f13879c90b8fb44af817d5a5fa71cb0bd2716dc76cd2c6e5f0a6c57b9ec4fe92,2,16428,1784109222.3039823,1784109268.6334696,1784109268.6334696,200,7379.0,753.0,,response,,,46.329487323760986,,,False,,,False,True,False,1,False,,1,root,2,16428,1.0,,,,,,,,,,,,,
6f66e6bb-063d-4c10-aef4-7379c0ec0d6b,django__django-10914,django__django-10914,f13879c90b8fb44af817d5a5fa71cb0bd2716dc76cd2c6e5f0a6c57b9ec4fe92,agentic,header,1,proxy,Qwen/Qwen3-32B-FP8,False,/v1/chat/completions,6281aa034a40e44ca4f283e6117d757cae19fd61a69a237aa90123809ee79d66,7afbbb7479f29ec15851e166de81a78b2f2e0099447e2e9dac7e5565eb2e6193,f13879c90b8fb44af817d5a5fa71cb0bd2716dc76cd2c6e5f0a6c57b9ec4fe92,4,21902,1784109283.3589501,1784109343.1944253,1784109343.1944253,200,8574.0,935.0,,response,,,59.83547520637512,,,False,14.725480556488037,1195.0,True,False,False,1,False,,1,root,2,16428,0.7500684868961739,,,,,,,,,,,,,
22fa5bb5-426f-4a3f-8a1b-2ec6ac132d17,django__django-10914,django__django-10914,f13879c90b8fb44af817d5a5fa71cb0bd2716dc76cd2c6e5f0a6c57b9ec4fe92,agentic,header,2,proxy,Qwen/Qwen3-32B-FP8,False,/v1/chat/completions,d219073ae7762bbfbd56362e14e6287f43ac38303e920d5f4e252d29de55fa0e,dc36a64f4a6eb2a13163bfff0e3ceefad5c74c51448ef961e9973ac446b42a71,f13879c90b8fb44af817d5a5fa71cb0bd2716dc76cd2c6e5f0a6c57b9ec4fe92,6,26729,1784109343.2924082,1784109431.679831,1784109431.679831,200,9577.0,1372.0,,response,,,88.38742280006409,,,False,0.09798288345336914,1003.0,True,False,False,1,False,,1,root,2,16428,0.6146133413146769,,,,,,,,,,,,,
9e2d2bbf-5738-4471-899d-3c97ab1fc2ad,django__django-10914,django__django-10914,f13879c90b8fb44af817d5a5fa71cb0bd2716dc76cd2c6e5f0a6c57b9ec4fe92,agentic,header,3,proxy,Qwen/Qwen3-32B-FP8,False,/v1/chat/completions,22041296c34065beaf8a4eb165565116e033225f3fa658eed0a0d3e31621a77e,a0459c4f902ba86c380553e5064c5dbd599ee487cc4854c0f2e4a58c9dff9399,f13879c90b8fb44af817d5a5fa71cb0bd2716dc76cd2c6e5f0a6c57b9ec4fe92,8,34838,1784109431.7666426,1784109506.6434662,1784109506.6434662,200,11343.0,655.0,,response,,,74.87682366371155,,,False,0.08681154251098633,1766.0,True,False,False,1,False,,1,root,2,16428,0.47155405017509616,,,,,,,,,,,,,
c56552cc-2210-4f58-a5c3-c995d2bf840c,django__django-10914,django__django-10914,f13879c90b8fb44af817d5a5fa71cb0bd2716dc76cd2c6e5f0a6c57b9ec4fe92,agentic,header,4,proxy,Qwen/Qwen3-32B-FP8,False,/v1/chat/completions,272a614b9ab9d3f23569f3a7f9e2248ab04265aaa69dc535c565be2d5155c6bd,0a503ce98f46053091f450b7c588ad1bdc7e427cee7e6e06b5cc75559f02fefc,f13879c90b8fb44af817d5a5fa71cb0bd2716dc76cd2c6e5f0a6c57b9ec4fe92,10,38493,1784109506.7623956,1784109577.1808572,1784109577.1808572,200,12168.0,399.0,,response,,,70.418461561203,,,False,0.11892938613891602,825.0,True,False,False,1,False,,1,root,2,16428,0.4267788948640012,,,,,,,,,,,,,
